"relative_path","category","bytes","sha256"
"data/processed/aroma_data.json","data/processed/aroma_data.json","1875808","168bd7113e5226c972a35281c961f0b0ddfcb49437a00c331e5570c18355968f"
"data/processed/aroma_data_merged.json","data/processed/aroma_data_merged.json","2119159","b7dc136eb24ef7ea7b7895f0719cdef759d5af215bacbf6218225d42f6a5ccb9"
"data/processed/aroma_data_pdf.json","data/processed/aroma_data_pdf.json","2120973","7d7bcf9a530bf73d508a13f284d590d7c99cf8c395f80a2c58b60a1c9f8d37fd"
"data/processed/book_flavor_chemistry_entities.json","data/processed/book_flavor_chemistry_entities.json","1105406","f5c6da75a5e19e8a3faed1996db59c18f5a1e44f5262857db5b5ac39d3a70440"
"data/processed/book_flavor_chemistry_index.json","data/processed/book_flavor_chemistry_index.json","4204969","3be801f2cab3e58ec9eb69bd7e22a6a2b8751a098c492f2b99a35cc6252a4b49"
"data/processed/book_index_qa_report.json","data/processed/book_index_qa_report.json","26024","7a974194d2861185a7d35909ad462a56adc0ab3aa6d5aafb4fa490cf0af67ebf"
"data/processed/references.json","data/processed/references.json","357470","8b436f4e300dffdc8ed1049ad1243cc7e7d98ffa4cb856e63be9a04091d3b7d0"
"data/processed/references_lookup.json","data/processed/references_lookup.json","874803","7858382b542c35a45eef447dbabd8b047a7eb9854cb2488ce9b01bd0e542ae93"
"data/raw/books/EcodexFlavorThresholdDB(已优化).pdf","data/raw/books","1249373910","8ca64a366d67a2f02614482f3d08077a0c4a3ce536cf880e31b89b3f693fa8d2"
"data/raw/books/EcodexFlavorThresholdDB.pdf","data/raw/books","282913448","d3eaa10b5f76c661e241c844ad64ff13dbce12df6fb41f0a31550f04f927d430"
"data/raw/books/香气阈值手册.pdf","data/raw/books","10501911","a5bc23b5ed21ebc430dc9a410a8f05518a60fcf7e838f9d919e5422898ea305d"
"data/raw/threshold_sources/PART 1-空气.pdf","data/raw/threshold_sources","1081880","cc3eddb63d5a59d2c63af77c13a91d0cb44bca5dbe4df8c0a79a3ac0aac2b43c"
"data/raw/threshold_sources/PART 2 -水.pdf","data/raw/threshold_sources","1076456","289fe8f2b4cad0a1a975ba0409c3b44009573aa7fa0a62f21129fca6d4a416e7"
"data/raw/threshold_sources/PART 3 -其他介质.pdf","data/raw/threshold_sources","718396","e9664b8fbc70858b5e14d7444a7072bd1d7728bc4ab641fd63ed5c982eacf8ed"
"data/work/book_index_rebuild/images/page-001.jpg","data/work/book_index_rebuild","172779","b40070a90b62b7458df7912a76066329a0f32c928d23ba21199d33021ff66437"
"data/work/book_index_rebuild/images/page-002.jpg","data/work/book_index_rebuild","152268","ae8476d556665667f8154be4de2a28f18d7767c065e5a862b5d159f5be0623eb"
"data/work/book_index_rebuild/images/page-003.jpg","data/work/book_index_rebuild","46821","6d899714acb5d561f1cda51e08622244343289a9d32433a5cbe3ecf144a21169"
"data/work/book_index_rebuild/images/page-004.jpg","data/work/book_index_rebuild","116634","f6ed9adf5154ee4ab8dea8f88c7814271b24dbb1f902ff12be82edd389da3115"
"data/work/book_index_rebuild/images/page-005.jpg","data/work/book_index_rebuild","111953","825d01e5c89b142137fbfc5466fe55e0b5f185436490fad17866ba9561de6e4f"
"data/work/book_index_rebuild/images/page-006.jpg","data/work/book_index_rebuild","110666","3121e86a53f6d204ecfe10beca7c236d110bd58a08aaf469e7fd8f16eb95b687"
"data/work/book_index_rebuild/images/page-007.jpg","data/work/book_index_rebuild","145674","9e0db0d73ed8ba90a2883e11a7143c41c15a1c4b46f7dc267153ad60cdfa16ec"
"data/work/book_index_rebuild/images/page-008.jpg","data/work/book_index_rebuild","179503","d05d44dcc9a0161465e99c8567995be9b401f6edaba5ebe7214feeb32f58a241"
"data/work/book_index_rebuild/images/page-009.jpg","data/work/book_index_rebuild","210164","4722a9832d1a049b33adedb200a9655ff56e58a42de6eeb1ea500e6fab01d896"
"data/work/book_index_rebuild/images/page-010.jpg","data/work/book_index_rebuild","196861","828eede08b74d8f0ee126eb7ca2f3b216762d0986bc08eafae929215990cd23b"
"data/work/book_index_rebuild/images/page-011.jpg","data/work/book_index_rebuild","192698","4811165d5eb8354441423c9a0a25225aaaaaf879bc1f74202e4b4f526fbd40d2"
"data/work/book_index_rebuild/images/page-012.jpg","data/work/book_index_rebuild","104818","2a33177812b7e6543a97d1dae764573f9f2c551c2bb03696c46d0845b9a278e0"
"data/work/book_index_rebuild/images/page-013.jpg","data/work/book_index_rebuild","289485","56a2cb0604bc9dcdb2989620f09c9ccd23d1ef784da20a2c0cc6e99661cf4fb8"
"data/work/book_index_rebuild/images/page-014.jpg","data/work/book_index_rebuild","371065","a44f91111be5682c15a9ec363113d57de548568801376aec58262160733fed8b"
"data/work/book_index_rebuild/images/page-015.jpg","data/work/book_index_rebuild","355607","00ecd5be0ae737a43bd7ce0780ab55dcda7d9149c747d2653428770e25454242"
"data/work/book_index_rebuild/images/page-016.jpg","data/work/book_index_rebuild","304820","bbe414c21ce925cdbd71aa979ee6df0f6cc5a7470e545a7290a6b9d903835381"
"data/work/book_index_rebuild/images/page-017.jpg","data/work/book_index_rebuild","209807","ee37ee5b65b261de030ce55835ab9c468b4ba0f1525f2462f65a80632076b3f1"
"data/work/book_index_rebuild/images/page-018.jpg","data/work/book_index_rebuild","114598","22a41b5d1baadf34e43576aac9704be8ef95401f3e837e4e5a765aa6ce394646"
"data/work/book_index_rebuild/images/page-019.jpg","data/work/book_index_rebuild","314566","3f4b7dafda810a97803e7304da130715caf80e20d8f52c1610d4748b9d525976"
"data/work/book_index_rebuild/images/page-020.jpg","data/work/book_index_rebuild","310929","13e2111029520f5a3f1756a95e3d8f0170941fb1446d822798c04e0c23e608ef"
"data/work/book_index_rebuild/images/page-021.jpg","data/work/book_index_rebuild","180462","94f2ad1a9a7ca54e12a3b28e99bdd367e5e580801c3b71828f548b8d6f6ecf2a"
"data/work/book_index_rebuild/images/page-022.jpg","data/work/book_index_rebuild","178963","a296ecf94f201c1a8f6700c56387ca0aa51691a1676a18d62a8589abce118f8c"
"data/work/book_index_rebuild/images/page-023.jpg","data/work/book_index_rebuild","227011","81682354830b065c58c10b198384c4a921f1c05644c50f0d65e7c35bbce86b97"
"data/work/book_index_rebuild/images/page-024.jpg","data/work/book_index_rebuild","250481","c3e9233f7f6ca278010f1db0762a020c372f2936cda79e2b81b2ab13bc6bc175"
"data/work/book_index_rebuild/images/page-025.jpg","data/work/book_index_rebuild","298600","705b6990fbdc3d1051ee29ba7f7f224567398d692aa7d82db25daf7c3a7bc17c"
"data/work/book_index_rebuild/images/page-026.jpg","data/work/book_index_rebuild","260110","fb508c1c68356f500222a67bbc58cb12283fe1027db649d18f382f1484d76e07"
"data/work/book_index_rebuild/images/page-027.jpg","data/work/book_index_rebuild","352533","8f012c6d133c85bb3ea70f258b76aa1da2a00d03fbcf365aeb9e39c911dab91b"
"data/work/book_index_rebuild/images/page-028.jpg","data/work/book_index_rebuild","346467","fa2c4bb1028e740b039714996d8ef680472a6c32fff8c1e58391a16d50030d56"
"data/work/book_index_rebuild/images/page-029.jpg","data/work/book_index_rebuild","385748","c62eff30ffb7e298899a21617ef719e52c7efecf49446d35a4a6d60d6239c8d6"
"data/work/book_index_rebuild/images/page-030.jpg","data/work/book_index_rebuild","406159","3b522857544545e5e79ca3d82364a3c23736421079ded0ec05099846c5638ef8"
"data/work/book_index_rebuild/images/page-031.jpg","data/work/book_index_rebuild","225959","8395d629c39baab7f4474a186fc756edc8f37af53a1ffdd5e484010a820db14f"
"data/work/book_index_rebuild/images/page-032.jpg","data/work/book_index_rebuild","270189","3b7727816c74b77e1e6c7685db0855827aaf2aed93ae2c6ecc3f1e41facaa6f9"
"data/work/book_index_rebuild/images/page-033.jpg","data/work/book_index_rebuild","297638","8b42219802aa6c7d04907c3d86247c2b0fef03d681cd8adaf1ade1a68512dc3a"
"data/work/book_index_rebuild/images/page-034.jpg","data/work/book_index_rebuild","288309","f881d0a230700bc930fa8f7833297ea77a81c3c8b3606dec76b0d8b49d40f8f9"
"data/work/book_index_rebuild/images/page-035.jpg","data/work/book_index_rebuild","159969","4833afcd680d1f432834cc0285f52f4caf70989a6cbabfec355e6c1124404e51"
"data/work/book_index_rebuild/images/page-036.jpg","data/work/book_index_rebuild","118399","8eea3d7d809b8d8ed2b2a4cc3111cd2bd7b1fb117b66c06f32372172658cef2c"
"data/work/book_index_rebuild/images/page-037.jpg","data/work/book_index_rebuild","236557","811a227e9547eadf8d693349e53076f167b0ef476f9e9d67451ef99b2a211f23"
"data/work/book_index_rebuild/images/page-038.jpg","data/work/book_index_rebuild","155543","bd6758de9f07369c94a292c07bf5c9491176e5541f995337c215589e57fdb0b4"
"data/work/book_index_rebuild/images/page-039.jpg","data/work/book_index_rebuild","189276","f222ea5bd32af54d3576c92f6caf89f8e00c6d59b47858649f04a86694f1e660"
"data/work/book_index_rebuild/images/page-040.jpg","data/work/book_index_rebuild","324278","d00da3e66da98466bce5c53bb6de62bc7099f1fd366fabfcd3511600dcd7f370"
"data/work/book_index_rebuild/images/page-041.jpg","data/work/book_index_rebuild","341760","fdb25cd971a15c6c60bc2166d4cea5b66467c49ebe0e9119b5cfcde8b7e43c78"
"data/work/book_index_rebuild/images/page-042.jpg","data/work/book_index_rebuild","330647","ca921b665ea891b6fdebf56d5fcab4aed611e2ed3c6da28ed13b0033cc577db2"
"data/work/book_index_rebuild/images/page-043.jpg","data/work/book_index_rebuild","340346","ef27b509e5f6751de786b2e531e08faa008d13a6fcdfe178a87adaf636619b02"
"data/work/book_index_rebuild/images/page-044.jpg","data/work/book_index_rebuild","319918","9264c7d020aa29d20a89fc59bbc19295dcf19f271ca31c96221b39d95e96bad0"
"data/work/book_index_rebuild/images/page-045.jpg","data/work/book_index_rebuild","282259","982e80eaec48caff1073f5340daacd61514ea8f2bf1c972064935b3b7670f797"
"data/work/book_index_rebuild/images/page-046.jpg","data/work/book_index_rebuild","339310","20744503cae6993f9176a86d024f6dc3a61cf209419beab2e253481847c5a910"
"data/work/book_index_rebuild/images/page-047.jpg","data/work/book_index_rebuild","343622","f89404e3179ed3c204a0ff99a0963c2e903534ca313e47cc4f82a10127ddd145"
"data/work/book_index_rebuild/images/page-048.jpg","data/work/book_index_rebuild","351281","98361426be0f06a48e1281796babb4e22f898afe1f4f7c09f7dc12893cda80b0"
"data/work/book_index_rebuild/images/page-049.jpg","data/work/book_index_rebuild","297690","2f5dcdeac752318a6e7f764b85b97690813996d4bfb43dca8ac2c053922c2ded"
"data/work/book_index_rebuild/images/page-050.jpg","data/work/book_index_rebuild","327401","f35d72e1194e5d5593dbe31fd1bf8d2cba3bafceb58e825368169cc25401d31f"
"data/work/book_index_rebuild/images/page-051.jpg","data/work/book_index_rebuild","278493","a39b9600b308b10da8d0a6d90601034439c86fd4d2e922ba34d3f6d25d8e7aae"
"data/work/book_index_rebuild/images/page-052.jpg","data/work/book_index_rebuild","276320","cc8e6528a852bf1b9b36a061bf443278110fa6ef89da8453763b38af3cf84ca3"
"data/work/book_index_rebuild/images/page-053.jpg","data/work/book_index_rebuild","267766","d2769a759d3e2910222293fde570cf5c28dafdc0127aed4617c025b5f1784e47"
"data/work/book_index_rebuild/images/page-054.jpg","data/work/book_index_rebuild","301468","0c7b5f50e572489e68fd002034ef14962d631745c4177094388f4613bc965cdd"
"data/work/book_index_rebuild/images/page-055.jpg","data/work/book_index_rebuild","224384","ea4378775d1c641ff02f0351e4f83aa69794b90102fe3b8270b975bd4cfeb4e4"
"data/work/book_index_rebuild/images/page-056.jpg","data/work/book_index_rebuild","299033","35e54b8fdb5ae0e34bc2fc891d6661955667e0f4e64eebd9c752ea3b4bf87b83"
"data/work/book_index_rebuild/images/page-057.jpg","data/work/book_index_rebuild","322200","caaa794ff93e40c856e794730ade425cb72ae76d97846de1e5f2b2fb05857d0b"
"data/work/book_index_rebuild/images/page-058.jpg","data/work/book_index_rebuild","290004","6b3d636cc9164eccdaf85123088680823078310dea789c974cdfd3230e8279ed"
"data/work/book_index_rebuild/images/page-059.jpg","data/work/book_index_rebuild","277789","d4586c60dcac5edbb267d579398a7f2cb119d24603e7518e1b2b2a49b6ed85a5"
"data/work/book_index_rebuild/images/page-060.jpg","data/work/book_index_rebuild","340945","7d32ab8afc260b071bfa222f26012311125570706b6666e595c0d0f7555543fb"
"data/work/book_index_rebuild/images/page-061.jpg","data/work/book_index_rebuild","219191","18dcd9608acff664f8f8bc8c77c35e73b554f6f9f473e4a933cba9c388cea8c7"
"data/work/book_index_rebuild/images/page-062.jpg","data/work/book_index_rebuild","236194","4885f42cddfccdf5a42d1add32ff6c3d000988053e31bda2608f41d0a777c750"
"data/work/book_index_rebuild/images/page-063.jpg","data/work/book_index_rebuild","296839","f45530b9642c9b7102ccf194151e1d77934bc6ac71bc0529a91c5fd9cd3891f4"
"data/work/book_index_rebuild/images/page-064.jpg","data/work/book_index_rebuild","284774","5af2490a0611756c56a50bfa5dd7135617cff89f6b0069d3fa7147ce9e5998d4"
"data/work/book_index_rebuild/images/page-065.jpg","data/work/book_index_rebuild","291506","a21d29dafacc69ba76fbecef4ada02e6ef9569ca7a70bcaef8f81c0443534c8a"
"data/work/book_index_rebuild/images/page-066.jpg","data/work/book_index_rebuild","290048","015ac73c85af6f523d37f8f264af94651547575b538a5e1a5c31f5bd4acd3b32"
"data/work/book_index_rebuild/images/page-067.jpg","data/work/book_index_rebuild","290261","ca7b2d76006de54bbb924409fcb611bdc10a57412999a9c897998b784935b83b"
"data/work/book_index_rebuild/images/page-068.jpg","data/work/book_index_rebuild","283940","26bb6a74174686fc6e942462c3546d6a7dc52376046a8e13fbf89f7452247a20"
"data/work/book_index_rebuild/images/page-069.jpg","data/work/book_index_rebuild","284522","857ea2455bfd326d44aed61c298636c19ebb959a7656af5f87ca0adba07985c3"
"data/work/book_index_rebuild/images/page-070.jpg","data/work/book_index_rebuild","296495","8054d1ed94d8c1a3b78307278db33ad4620a50c58521348dc4dbef6868f2f003"
"data/work/book_index_rebuild/images/page-071.jpg","data/work/book_index_rebuild","302594","781f235f2bd3ac8e8f139cdd4223de88611befabd2ae1e78f8b34ae01dabc552"
"data/work/book_index_rebuild/images/page-072.jpg","data/work/book_index_rebuild","281876","e4870158190ea7b31f2964be95185755f22daf6afabd695fea3a4e8f3ced74ad"
"data/work/book_index_rebuild/images/page-073.jpg","data/work/book_index_rebuild","296160","f3a7729c76be2c09013acaa698e86259c0118b7223e48faba74451fcbdf5a7d3"
"data/work/book_index_rebuild/images/page-074.jpg","data/work/book_index_rebuild","112866","aab13c21ee62ca9e7a8097e0f96c176f40feb20758bbe929a2f18ed49d76c719"
"data/work/book_index_rebuild/images/page-075.jpg","data/work/book_index_rebuild","196970","8f4d8e80444500d6d6d65b78b42823d3a823bc4b1e6aafa2fdb0d268ea82c778"
"data/work/book_index_rebuild/images/page-076.jpg","data/work/book_index_rebuild","171278","304daee6ccd8e6d880ae47d0a4a74d99248641b1e2e949a3c599b2ada2e1f909"
"data/work/book_index_rebuild/images/page-077.jpg","data/work/book_index_rebuild","368228","8c2c8efae0afe0ddc5519db81041d32bf6319b7546aad12b90c23bc2d01f8d9f"
"data/work/book_index_rebuild/images/page-078.jpg","data/work/book_index_rebuild","309667","bf9968324974ed4aff96299518072da31d5a48452a9fa8882172f3bef449a94c"
"data/work/book_index_rebuild/images/page-079.jpg","data/work/book_index_rebuild","369535","873fb8716c9986f1ddbfa3c009433e783dcb8cf1e39f1e4e9e96f0771929956d"
"data/work/book_index_rebuild/images/page-080.jpg","data/work/book_index_rebuild","351414","b0ae862e1c45e139958e3e3976547a32be82e8e3fa6303e1d2f4530103abdf4a"
"data/work/book_index_rebuild/images/page-081.jpg","data/work/book_index_rebuild","333468","9039334b150d0dd3b727a108c8cc677dc273916edc172353748963ab38ffa145"
"data/work/book_index_rebuild/images/page-082.jpg","data/work/book_index_rebuild","319298","e0fc18f5ae56783277588e9a5c75fb2f5f27b89c7adab02f097e79247cff2d2c"
"data/work/book_index_rebuild/images/page-083.jpg","data/work/book_index_rebuild","298947","9b9194bc08911e2721ae11736a5050dd850dae4a887c35e4bf71afb20b9edca0"
"data/work/book_index_rebuild/images/page-084.jpg","data/work/book_index_rebuild","296487","a1f48f53146af146c977b21cfc76b3301a0d15057931b2b812f614e47a3ab3be"
"data/work/book_index_rebuild/images/page-085.jpg","data/work/book_index_rebuild","310146","6d4026cfb86329fa0ca62bcedddb40d8965c7598db56a3c6059e3a73e39a751d"
"data/work/book_index_rebuild/images/page-086.jpg","data/work/book_index_rebuild","355146","2b429d160e6f3c7fd5c793074973b0786fb2a98531b0e32f28871ec07d470c65"
"data/work/book_index_rebuild/images/page-087.jpg","data/work/book_index_rebuild","352702","11f0581886b8a595e5a7bd0e7d69f20183a19f63f2b956235eaa5ce15a8bd080"
"data/work/book_index_rebuild/images/page-088.jpg","data/work/book_index_rebuild","350405","7e88153c12d920fe37a8e0d577bb8acd9745a8f96a5ae05f081b1b8bf26a5d03"
"data/work/book_index_rebuild/images/page-089.jpg","data/work/book_index_rebuild","337869","1f15fe1f9d8f2210f4aab5d6a4b1df2baee201598ac951053ba27e58d88952b0"
"data/work/book_index_rebuild/images/page-090.jpg","data/work/book_index_rebuild","333792","c54ef93c1090b295b6ce966b5c3c5d97430f496a0a11b613b989b4fc81102bd8"
"data/work/book_index_rebuild/images/page-091.jpg","data/work/book_index_rebuild","337055","47d20a2600f1426ba0128ebc85f9ea2f7fc2dec6be0a73b01d068821ac695a50"
"data/work/book_index_rebuild/images/page-092.jpg","data/work/book_index_rebuild","293716","b3462c1534909d6d59c93a0bcee9209ebeb4913e8d7603be9ec1c1948f7565ba"
"data/work/book_index_rebuild/images/page-093.jpg","data/work/book_index_rebuild","322859","902b7d8d9b2fd8963a3ca41d8b4407b82b61c8c9d6b549a315f66f2d986c594a"
"data/work/book_index_rebuild/images/page-094.jpg","data/work/book_index_rebuild","324689","8fd540b1648ddfe63414c1c69abde11767eec0ecdc96026bec729ded547e5f54"
"data/work/book_index_rebuild/images/page-095.jpg","data/work/book_index_rebuild","254429","1d1dafddff65cfbc4a66b58b7943d791f457ec99f2e38bc3e59be740ad56d322"
"data/work/book_index_rebuild/images/page-096.jpg","data/work/book_index_rebuild","223774","a8266e5c383854d3e9f3a48c4ab7d77089170fbfb1f1cb29a8de9e80149ddfd7"
"data/work/book_index_rebuild/images/page-097.jpg","data/work/book_index_rebuild","211444","ebdb99e19802d5e81542e6eef5efd9b65f04a5848f6b4cd133dd5691f1ed0de0"
"data/work/book_index_rebuild/images/page-098.jpg","data/work/book_index_rebuild","349668","0898cd9654f9d6b501337c2779475ab36f590af5aeb1ed0577f26ec84a341984"
"data/work/book_index_rebuild/images/page-099.jpg","data/work/book_index_rebuild","311488","4b7bc3f2d9541f8fee78dc71b0949319a5bc4cb2f7a51dfa7296d283d9450ce2"
"data/work/book_index_rebuild/images/page-100.jpg","data/work/book_index_rebuild","304776","e08fd18b30f7cbb0e73365c6770cd653885f75e0171987cbe7837932ea766dd0"
"data/work/book_index_rebuild/images/page-101.jpg","data/work/book_index_rebuild","287670","0e4ba35755363cfeb7f5782f06ebd50a9e10a6448222fa8d77d67cf40dbb7323"
"data/work/book_index_rebuild/images/page-102.jpg","data/work/book_index_rebuild","342062","64cd9b696a92b9ba798b0d5bc405d6e7c3888240ae98d53f244f7d72b7daa2c9"
"data/work/book_index_rebuild/images/page-103.jpg","data/work/book_index_rebuild","214941","7e54b6b201fb5038f7364bc72489c624a7bfb635faf5635c67a835c2004c0f21"
"data/work/book_index_rebuild/images/page-104.jpg","data/work/book_index_rebuild","223026","3011ca1c67b2c01c410d72acd52925cdada48a9b36d95c2bb2b34130efe18fce"
"data/work/book_index_rebuild/images/page-105.jpg","data/work/book_index_rebuild","376193","cc66c86741b1f3e4abe7237340eb71c35d665cfa51ac405e92a16a4002dd7828"
"data/work/book_index_rebuild/images/page-106.jpg","data/work/book_index_rebuild","217171","21b973c5c9fd837b3cd2c2187b7d4ceb6890f454a1d124a3951d134988e24897"
"data/work/book_index_rebuild/images/page-107.jpg","data/work/book_index_rebuild","232675","8d5044b4595e0d8837652440f6872f1e838033f3b78f207a09f3e67c132fa89c"
"data/work/book_index_rebuild/images/page-108.jpg","data/work/book_index_rebuild","174128","f55b0f707f94d568fe88102ce37d475d50dc06dbf2b1d54eb614613f2ff5ac46"
"data/work/book_index_rebuild/images/page-109.jpg","data/work/book_index_rebuild","288496","2740c0e35f1115f25ee4c6ad743cdd6bac72f13141b8fc5a4ef10cb992cf0578"
"data/work/book_index_rebuild/images/page-110.jpg","data/work/book_index_rebuild","293465","b23fbc995a51d4a3b438df3821d352ec4697a9df5c416fe1576b83ad5d40a274"
"data/work/book_index_rebuild/images/page-111.jpg","data/work/book_index_rebuild","186325","6b81363b09a51ac640b1f1602803282ea610241a0e6f2de1aa06d4631eae98eb"
"data/work/book_index_rebuild/images/page-112.jpg","data/work/book_index_rebuild","255714","34348ab92f282f27426db10ce4f954ad63eabb22b41819fd7afacbb969627f2d"
"data/work/book_index_rebuild/images/page-113.jpg","data/work/book_index_rebuild","296406","6f5b1bda643ea195d350ae451b2b94e14f360012e4fcefd79b98971a49a60d15"
"data/work/book_index_rebuild/images/page-114.jpg","data/work/book_index_rebuild","273539","eb32cfffe699df9eca8e6c64a5a127594a07e3482fa5cfa416e1e8f9e0aee415"
"data/work/book_index_rebuild/images/page-115.jpg","data/work/book_index_rebuild","287008","d64cd31db221d3987e4bed76e4027e60dd0194ca3b204b7831a8688f5bf99b4b"
"data/work/book_index_rebuild/images/page-116.jpg","data/work/book_index_rebuild","298195","e0ea33fc59aeda6bedc340b4153777e4a02796b4b7b208637031789ef6d04c3a"
"data/work/book_index_rebuild/images/page-117.jpg","data/work/book_index_rebuild","282699","a5cb025dcb37ed0d2dc19a59ab094aef061b4ec40ff603bef847e95387f9c951"
"data/work/book_index_rebuild/images/page-118.jpg","data/work/book_index_rebuild","296613","929c5a4365be14385715ea3a1bc042c2185993169cde3f94ab9b40808c6aeadd"
"data/work/book_index_rebuild/images/page-119.jpg","data/work/book_index_rebuild","289258","aa046ace18f66ae815b3858c0dd143e2b38e77d5b24a08654c3ce1b0faf57ef1"
"data/work/book_index_rebuild/images/page-120.jpg","data/work/book_index_rebuild","294703","01f4460a18485dd43857d9f75c876f2caf463c3acbadb4c8b5647a1a6c093da5"
"data/work/book_index_rebuild/images/page-121.jpg","data/work/book_index_rebuild","286474","c7e9f8fed60141e11ec537c4710158fe467f9570f8fd06724a1158cec58946af"
"data/work/book_index_rebuild/images/page-122.jpg","data/work/book_index_rebuild","285676","4a801f3087d4a712da46d7f10e17603b8186e74da0e8004b7be1230399f1d273"
"data/work/book_index_rebuild/images/page-123.jpg","data/work/book_index_rebuild","293282","2ac565c4468b22208030fc9fd709f9bb94be8ab42b5b7407287c28039bb6aa39"
"data/work/book_index_rebuild/images/page-124.jpg","data/work/book_index_rebuild","285472","5e3cbce363e55259445f13cc03e6b180cbf80e31991f0fb13d3d0e3f8fbd6b8a"
"data/work/book_index_rebuild/images/page-125.jpg","data/work/book_index_rebuild","280339","677ab2cb68d51ccfae3c0461a52a183128ecae7d8ab49f3f26e3f7715d1095f4"
"data/work/book_index_rebuild/images/page-126.jpg","data/work/book_index_rebuild","298378","31b28f2a3b70179f2c79bb96b5fa55ab619713ea9ad413861b279304ba0dda06"
"data/work/book_index_rebuild/images/page-127.jpg","data/work/book_index_rebuild","272591","6de334ec5a0e31b35714b9fbf8d93f50c7640805ca7d65c84b9df973c571905d"
"data/work/book_index_rebuild/images/page-128.jpg","data/work/book_index_rebuild","68356","79f3707a201bcb3dabaf3849d61a8042f30a3a63c168d25a41f8db0e74aae291"
"data/work/book_index_rebuild/images/page-129.jpg","data/work/book_index_rebuild","113518","20e9a902efc40cdddbf9a0f50b0332905ddfc5cf77650372ba179dcefb32cbb6"
"data/work/book_index_rebuild/images/page-130.jpg","data/work/book_index_rebuild","253319","ae0765857b0aec29798a9b64d2ee5e946593988aa9ecd1e170030538a91f1f7c"
"data/work/book_index_rebuild/images/page-131.jpg","data/work/book_index_rebuild","113641","03a401d73ae9a06add535e6525f42bd6b1fbc439e18bf286f672eee4163a4da4"
"data/work/book_index_rebuild/images/page-132.jpg","data/work/book_index_rebuild","136107","32070f852f212058da56f8b488744800a28264bc50bb6263157ab4da8bcb0cb9"
"data/work/book_index_rebuild/images/page-133.jpg","data/work/book_index_rebuild","256862","6c20111ecf6edf974e2b74fdf97738cf7b1a9c44ae9b87af9f537c2a44996f47"
"data/work/book_index_rebuild/images/page-134.jpg","data/work/book_index_rebuild","351584","c3c3caa747969fc96d14fd1a9374ef1dfdd0facb955817b754d94018502fd22b"
"data/work/book_index_rebuild/images/page-135.jpg","data/work/book_index_rebuild","366443","b3b3a63019798d03d1e1d22ede848e5b47aa4ca8837397b109dfa48b691bcb8f"
"data/work/book_index_rebuild/images/page-136.jpg","data/work/book_index_rebuild","346771","bbd8f2a9a62586548db207b143d70090627984f438d973202609d258be95662f"
"data/work/book_index_rebuild/images/page-137.jpg","data/work/book_index_rebuild","333594","798539c69f272205d2e85fa78e2a5c32c0465417b4c8b06571dd558d495d2c2a"
"data/work/book_index_rebuild/images/page-138.jpg","data/work/book_index_rebuild","355512","87a9b6db73725770e934a02150c495d78c73b3ac29d973a1171895f4cf13c09d"
"data/work/book_index_rebuild/images/page-139.jpg","data/work/book_index_rebuild","360102","fdc5d31ebb6be10e3c3334b66b5b2c8cb94f6eeaa23aa9591afd6870b110d876"
"data/work/book_index_rebuild/images/page-140.jpg","data/work/book_index_rebuild","352136","6a2cb155052d26de8e24d1148d033c81d126e45890139f9392defc1a7182ec41"
"data/work/book_index_rebuild/images/page-141.jpg","data/work/book_index_rebuild","351035","da7f3452985096669665410a93d50aad4a3b4e64325df76ac1b4a42e292f2636"
"data/work/book_index_rebuild/images/page-142.jpg","data/work/book_index_rebuild","332168","849db4b2f75929a0fe15caa0ecae37716c0cbdcceabeb14321385c22460da52a"
"data/work/book_index_rebuild/images/page-143.jpg","data/work/book_index_rebuild","308423","3b1e23e7a329bcde51397a3f2466e75fb519651581d7d5ae3ce9586d8f1aba9a"
"data/work/book_index_rebuild/images/page-144.jpg","data/work/book_index_rebuild","351262","bc0f711b312e482461406f85bbba4b39e705fafe0f6678d2943dd8e0d1d58361"
"data/work/book_index_rebuild/images/page-145.jpg","data/work/book_index_rebuild","365333","1796647f81a1e1191730067fc61e1e10fb807cc5349627f50b87c9d906b3d458"
"data/work/book_index_rebuild/images/page-146.jpg","data/work/book_index_rebuild","285395","10737706cda779715b0f8b920944519da702be75df6012bc96e55f7f480ee63b"
"data/work/book_index_rebuild/images/page-147.jpg","data/work/book_index_rebuild","289483","01bab8dc12926d46c0beb7444358500e4be20b3918fabfa24ac638dcf0e6911b"
"data/work/book_index_rebuild/images/page-148.jpg","data/work/book_index_rebuild","331318","c755415cc090bc626804abad6cfbbb11bf4c1fb228dc154a82f67442276b8efb"
"data/work/book_index_rebuild/images/page-149.jpg","data/work/book_index_rebuild","296462","8ed57e2301413b77cfd5295428345c246c7e1d75d11d756bb8cdb24e9b7ee8d7"
"data/work/book_index_rebuild/images/page-150.jpg","data/work/book_index_rebuild","346931","58393cec7ac7ef23f6c2808070b468b0a2cb1e98803468eecb418029c0173141"
"data/work/book_index_rebuild/images/page-151.jpg","data/work/book_index_rebuild","290009","12748d12373bb2a47e096255590a42bf3147ef624732bd8cce331a1243151719"
"data/work/book_index_rebuild/images/page-152.jpg","data/work/book_index_rebuild","336545","1d55ed2bbf24006a962a7b5d0a52e7a2f38cb7b3a79f04a0f574a6892d053a2e"
"data/work/book_index_rebuild/images/page-153.jpg","data/work/book_index_rebuild","296155","915b65d0f5a4fba448566b49f297880374eb68acd822d91bf97b7c59e3fa14cb"
"data/work/book_index_rebuild/images/page-154.jpg","data/work/book_index_rebuild","294977","36744e66625494d7ea1bcc2982b6e830b20246b195ed55e77fbac9af810a8440"
"data/work/book_index_rebuild/images/page-155.jpg","data/work/book_index_rebuild","322976","c4bdd1cb55b440c931ff4b76d305376954e2f170301fedf1dc81fa396a60b832"
"data/work/book_index_rebuild/images/page-156.jpg","data/work/book_index_rebuild","285711","0671b271c1cf354835767c47b7f6a39e9b4726addb38f148b73874e0952219b9"
"data/work/book_index_rebuild/images/page-157.jpg","data/work/book_index_rebuild","241131","e76e504418b45af896de800dcdce8a6f10f5d84a04c5a3ba3cc53e4942b09450"
"data/work/book_index_rebuild/images/page-158.jpg","data/work/book_index_rebuild","257621","2b67a913d367ba32ad0e255383465b1216ef3dc7598acddf1e1bdf757b409601"
"data/work/book_index_rebuild/images/page-159.jpg","data/work/book_index_rebuild","240743","8e5f9e2ebb2a244721a376a9c4163db3c63f7ff7dc7f5b794f45e3b175d7d1ff"
"data/work/book_index_rebuild/images/page-160.jpg","data/work/book_index_rebuild","301760","e18e1628b4c6f039a3338aca74a8adc25c000e76cff27a3f73b937fe82ffd472"
"data/work/book_index_rebuild/images/page-161.jpg","data/work/book_index_rebuild","240182","79a2aa55b90a98eb5acbbb58326d6fbfda2f089593b3a9cf6052051f86b9cad9"
"data/work/book_index_rebuild/images/page-162.jpg","data/work/book_index_rebuild","247520","db70fc1145a4a016d279051b0fb6a9a52df2792ae321db174304a27ed588cf18"
"data/work/book_index_rebuild/images/page-163.jpg","data/work/book_index_rebuild","370640","a43179991212913c6d2d51eb01fca4fd21babc47f670379f7a3b81af0ca54030"
"data/work/book_index_rebuild/images/page-164.jpg","data/work/book_index_rebuild","391169","563ec38df871607ec72e788349dc9d23e6cf03404870ba27ca0a8554c774dd73"
"data/work/book_index_rebuild/images/page-165.jpg","data/work/book_index_rebuild","342848","32e33faf0845158690a0f8afe7c12d8605c67476198702a728b3c4b009a2f08e"
"data/work/book_index_rebuild/images/page-166.jpg","data/work/book_index_rebuild","223198","2b0da1a620d0ef42358e5b48ea8552dea4ce7385fd861b04f40058313c6e96fe"
"data/work/book_index_rebuild/images/page-167.jpg","data/work/book_index_rebuild","285598","ede5e5fd76d17623f733b14ec1401bc46120cd7da9850d686586f2197d02bc17"
"data/work/book_index_rebuild/images/page-168.jpg","data/work/book_index_rebuild","281339","70ef74fc386d0018e6f2505e2ba9791e98917f8e35dfef660fa53cbeef896fdc"
"data/work/book_index_rebuild/images/page-169.jpg","data/work/book_index_rebuild","288387","22217c3bb286f2a85383c64b26455d4a3bb3038f728c20151b2f89d38528c032"
"data/work/book_index_rebuild/images/page-170.jpg","data/work/book_index_rebuild","276032","728924bf3442cd9a40727bc125345cb54eb6f9125268f06c52f0350fdea82368"
"data/work/book_index_rebuild/images/page-171.jpg","data/work/book_index_rebuild","297147","a79207a2d509cb17321d98fda4d7a0b2733817950612af0ba9df02bffa1e8e97"
"data/work/book_index_rebuild/images/page-172.jpg","data/work/book_index_rebuild","286703","83fb09c85f1cb2e56587733af307d9a302cffa0aaca426e8d546f8ee4f73d906"
"data/work/book_index_rebuild/images/page-173.jpg","data/work/book_index_rebuild","282114","c88057c8c19ee0bc618ebe0198816d1c866916ccb73940f892bf6ef6dff4efb6"
"data/work/book_index_rebuild/images/page-174.jpg","data/work/book_index_rebuild","289408","b914babfcd68b9c40ced44e30a1232be5b02cdecf316b77e1c1a210609839e42"
"data/work/book_index_rebuild/images/page-175.jpg","data/work/book_index_rebuild","277277","5c4bf1206d5df57b89ce41e8ba1f2fb607c90d7f5866c17cdb876ee7bffe8d3e"
"data/work/book_index_rebuild/images/page-176.jpg","data/work/book_index_rebuild","280341","cca93dca1e223b49e5fe8e8fd526d27cff637007b830a2ab41f55233e1b35264"
"data/work/book_index_rebuild/images/page-177.jpg","data/work/book_index_rebuild","94841","10a5a09cfc1ba07c2f90200965ef4b47df69c6be8438bbc2ab1318bb4f870cac"
"data/work/book_index_rebuild/images/page-178.jpg","data/work/book_index_rebuild","111546","348899cda20b70e54db246e82f5eb43605a5d4c5c17f5bebd8a8fe7264357fdc"
"data/work/book_index_rebuild/images/page-179.jpg","data/work/book_index_rebuild","234950","96d6dd9ecc25ad563eb7c7b0deee35c04d7e2eca492a1ff58fb63c331f901013"
"data/work/book_index_rebuild/images/page-180.jpg","data/work/book_index_rebuild","164512","d8575a8809ca1173d8045cddc3ab0914043f449723d453675fefee57f06a7633"
"data/work/book_index_rebuild/images/page-181.jpg","data/work/book_index_rebuild","161520","00208a8ca844ecbc41d26a0459f75bf1250e7f7c8cdd22108d86e365fbd42323"
"data/work/book_index_rebuild/images/page-182.jpg","data/work/book_index_rebuild","273737","4aa19095b10f3f505a78784cbc312e2efcea0b980abb4d6a3de75db31dbc7995"
"data/work/book_index_rebuild/images/page-183.jpg","data/work/book_index_rebuild","338066","ff16f50efef87b367f1ef7d60d54cd30286b4c5d54c97db89c312dcd4447862b"
"data/work/book_index_rebuild/images/page-184.jpg","data/work/book_index_rebuild","334332","20c2b1e9e920b8cfbd0f16a967ddab02c841483f548aa7f36245bb0155988eac"
"data/work/book_index_rebuild/images/page-185.jpg","data/work/book_index_rebuild","361965","b9bea99d4ff7084110784a2e5ef285df3f4dcbbf08394d5634e3718f35e0e9ce"
"data/work/book_index_rebuild/images/page-186.jpg","data/work/book_index_rebuild","348312","2bd7f7718412e22c67f405008bb255fc2fd3967ad22dfc2db590c213103691f9"
"data/work/book_index_rebuild/images/page-187.jpg","data/work/book_index_rebuild","340919","b0646c88c688915bf3f8f53d1f3abd22bcc4a15ce94c2e8c2ea2e4c4ae19b6a3"
"data/work/book_index_rebuild/images/page-188.jpg","data/work/book_index_rebuild","346616","7d97217c265f544fcf0250b16eba909ca53fdb00dea421c6b14a77de852a715e"
"data/work/book_index_rebuild/images/page-189.jpg","data/work/book_index_rebuild","322422","32c520f3c96bbdf659cd4a7fec19d08937ca1d8b77a92d4fe97556800b2362d4"
"data/work/book_index_rebuild/images/page-190.jpg","data/work/book_index_rebuild","294775","abb6f3cf6a4cc1b944c64206ec453251eb63772e9d14304d566bedde33858d92"
"data/work/book_index_rebuild/images/page-191.jpg","data/work/book_index_rebuild","342161","deffe7533189ef8aa0be3147ee3e0f581b93724ffd8221515225ab8fdd3e8f29"
"data/work/book_index_rebuild/images/page-192.jpg","data/work/book_index_rebuild","306109","d86bdfbb00fbe9eb97da82a36d1a1007bdff3f09c93d12dd96a88fc2fe36c5c8"
"data/work/book_index_rebuild/images/page-193.jpg","data/work/book_index_rebuild","341549","13c236002a6f2fcba9587d6110df56045c10a1a96edbd8c35e4675ebec456b6f"
"data/work/book_index_rebuild/images/page-194.jpg","data/work/book_index_rebuild","293650","21b033275201d87561ac69492015513e3b0654d6579150b6a2987744ff38edd4"
"data/work/book_index_rebuild/images/page-195.jpg","data/work/book_index_rebuild","346764","61d6899020d86f8e016c13d7318a91f6ecb4695edc4740de7030e4cc26581269"
"data/work/book_index_rebuild/images/page-196.jpg","data/work/book_index_rebuild","319849","b81637ba5368e216e619adfc48a00e0c85399b557122163a53c43b5579f81fad"
"data/work/book_index_rebuild/images/page-197.jpg","data/work/book_index_rebuild","334164","806241ed70d0d05d9aee20e5cba3f069e0eb577e63179f8e4f05ea8cf76d9b1e"
"data/work/book_index_rebuild/images/page-198.jpg","data/work/book_index_rebuild","307962","067132eaa7fb8c3bb7e5afca17080f8fe7e41c0488bb3d9b14a5dcd5f416092b"
"data/work/book_index_rebuild/images/page-199.jpg","data/work/book_index_rebuild","299720","655ca865a39dd4acc656e5ef6c5de72b9141a7cd047c1c1ba445a0b1985d0f7f"
"data/work/book_index_rebuild/images/page-200.jpg","data/work/book_index_rebuild","341132","f0460bf1e46ea56fdad98137b539d1128122544fa899007e78cccf9edf46e372"
"data/work/book_index_rebuild/images/page-201.jpg","data/work/book_index_rebuild","233858","4a2cb169d4c2acb957db69c758254793a266ee36a541995ab19047045a8e381b"
"data/work/book_index_rebuild/images/page-202.jpg","data/work/book_index_rebuild","252492","20021dbac0563d6a806b9d138c6764fb9ee6e39a30952a0727ea49ea05e094c8"
"data/work/book_index_rebuild/images/page-203.jpg","data/work/book_index_rebuild","288937","aa0c1f0639400bf15a9dc07ddf38adfa2b7f3bd74566bc942fc51e02ab82c6d1"
"data/work/book_index_rebuild/images/page-204.jpg","data/work/book_index_rebuild","363820","034778a139c30f461fe04f09275e9ca6765056aa11db1c4a9045dcbba0512512"
"data/work/book_index_rebuild/images/page-205.jpg","data/work/book_index_rebuild","351660","70927e1c5fafddbb835ae4136cfae1b5c14223ed0cca7f29e0360edcfbf50d87"
"data/work/book_index_rebuild/images/page-206.jpg","data/work/book_index_rebuild","283088","4347d2f694828d456a1f1e7936cb7c08aa66455befae4d764abecabd62e34eda"
"data/work/book_index_rebuild/images/page-207.jpg","data/work/book_index_rebuild","264273","db2cd579ef63a5c7e15756cad31beab4aaf32c27e332256d8bb454efdf5e18c2"
"data/work/book_index_rebuild/images/page-208.jpg","data/work/book_index_rebuild","293570","e2a09ded5fbf5b74955dc988af9536ea2e53aa5f0061ffbae5bde20578774958"
"data/work/book_index_rebuild/images/page-209.jpg","data/work/book_index_rebuild","290122","010c59f7ad58bf0afa7d93cd34d5d1e923ff665882ae8686b7966be9ff231c1b"
"data/work/book_index_rebuild/images/page-210.jpg","data/work/book_index_rebuild","278867","a560b4e268f698ba6ae632f04e8fe6e76e6d0d0811f95ded9b75ed1a11932f57"
"data/work/book_index_rebuild/images/page-211.jpg","data/work/book_index_rebuild","276676","b388db12a4f9ed9c3c1563bad55166a34ace0e25d90b86dc3b90fa157c9afcc9"
"data/work/book_index_rebuild/images/page-212.jpg","data/work/book_index_rebuild","276879","046ea72bb4bc1c598a1975233ef5ac4073e8851f1420469365153d249a1fb13c"
"data/work/book_index_rebuild/images/page-213.jpg","data/work/book_index_rebuild","266739","b034bcc040c9ec908abd9b26175df8d5aa7dbfda870898a672f6784f2a495f3c"
"data/work/book_index_rebuild/images/page-214.jpg","data/work/book_index_rebuild","278100","18294c296127722267a334c2c2cbc58819f3324a128b626aa9dade1867b7c41f"
"data/work/book_index_rebuild/images/page-215.jpg","data/work/book_index_rebuild","302524","ab8dc354d2920e12ab18b4b14eec7e18475f69eb05df40650785c54addcf44d3"
"data/work/book_index_rebuild/images/page-216.jpg","data/work/book_index_rebuild","280538","63eb0da8bf0781d5a689fde7503918aad0c260ba4cac2c3b86f5ce3ce0795ba1"
"data/work/book_index_rebuild/images/page-217.jpg","data/work/book_index_rebuild","34998","d12a5b75b2edb1004666f065b25248a3c2e773e08b3ddebf340db6739a506a6e"
"data/work/book_index_rebuild/images/page-218.jpg","data/work/book_index_rebuild","107189","897c1590a87261128aea6122e288cb29fd8ffa7f08b52fc59c2f135cae3ac098"
"data/work/book_index_rebuild/images/page-219.jpg","data/work/book_index_rebuild","229337","4d60cdb11473efa0bc9b9fb3f39e5b1dcea367236304b69048d07e0b811f566f"
"data/work/book_index_rebuild/images/page-220.jpg","data/work/book_index_rebuild","183148","a2199bc5518628fbde28b33bbfd62c9ae7f8291428f4d19ca10e18c5e6e3a573"
"data/work/book_index_rebuild/images/page-221.jpg","data/work/book_index_rebuild","223811","d11656eb6af1ea8827b6e0b26ee17890dc56761b8b7951f5a051a625d150cba4"
"data/work/book_index_rebuild/images/page-222.jpg","data/work/book_index_rebuild","359787","e6e0b4fb2bce268151628dff9a206ffee58ab58cb27fb13e56af871dd86111d9"
"data/work/book_index_rebuild/images/page-223.jpg","data/work/book_index_rebuild","363243","5b2dcddaf52b448c109fd8e01faf2e3c5630590d6d45585bb62370245d58aa81"
"data/work/book_index_rebuild/images/page-224.jpg","data/work/book_index_rebuild","309947","280502d045753ca1b2598269c99f22c2f21609fa5b13b9fe172dc6462a6eaf39"
"data/work/book_index_rebuild/images/page-225.jpg","data/work/book_index_rebuild","271990","882f84a40e56ddc2bd67a50c7cf2d0b7b619491a3772cab4c7e11b6ac32cb620"
"data/work/book_index_rebuild/images/page-226.jpg","data/work/book_index_rebuild","302554","bf8a84553339c16c8896e3704aefea4acaf47dda5caa0d45004c1598852aadc5"
"data/work/book_index_rebuild/images/page-227.jpg","data/work/book_index_rebuild","242298","e26366301cfb1185b270b90a711532e5a65e076c55da6800919d46e49419c045"
"data/work/book_index_rebuild/images/page-228.jpg","data/work/book_index_rebuild","304982","87d4536bccaf52aa3ebb7f581b7283230293ecac9417a8f1ab6531b09bfa4709"
"data/work/book_index_rebuild/images/page-229.jpg","data/work/book_index_rebuild","271503","196f1a3d7275d19e63826c4ea325a2d0f2590d5814ff567b4ee4a14d4bc68c42"
"data/work/book_index_rebuild/images/page-230.jpg","data/work/book_index_rebuild","281405","6efaea4e093e45430ca54a62d5d057928043978c73b2d738a45acc48bd3fe01a"
"data/work/book_index_rebuild/images/page-231.jpg","data/work/book_index_rebuild","336334","59a152fa898da91bdca5b2b813dce45796d50ac0513cdd9b78b30cac28baf90f"
"data/work/book_index_rebuild/images/page-232.jpg","data/work/book_index_rebuild","312354","7b90e8448bda4e89418f39d1f8aff15e4a61879999c5dd150001737cf5472127"
"data/work/book_index_rebuild/images/page-233.jpg","data/work/book_index_rebuild","269246","7886d227e2916d3a31b25bf544a0df88df921dcc66d20adb6a8057e595007af9"
"data/work/book_index_rebuild/images/page-234.jpg","data/work/book_index_rebuild","320102","163216676704a294ae36783aecb5f821f7304a70579f711a37a5d96b47da6b94"
"data/work/book_index_rebuild/images/page-235.jpg","data/work/book_index_rebuild","261780","76a393361c3c95afa5c034fbd1c30c8e60f5833b4be98decbd53c4f22f542b9b"
"data/work/book_index_rebuild/images/page-236.jpg","data/work/book_index_rebuild","276423","0f3e8871016b8a6e5c1d52da0c6301ac281d2e664d2ed100d0ebb96b17d3bd2d"
"data/work/book_index_rebuild/images/page-237.jpg","data/work/book_index_rebuild","275585","ad012a7372f2ce94ec4d0b956021e1c7e2101dcfffb3d43d5af86ea3ff1552aa"
"data/work/book_index_rebuild/images/page-238.jpg","data/work/book_index_rebuild","263133","e3a814088ecd00eb88550e22b5b9dfadf4bf6fe2f424dbeb15bc2817e5c2c478"
"data/work/book_index_rebuild/images/page-239.jpg","data/work/book_index_rebuild","148964","c912d107ce99828e3dbf53c2e099825cca348897bf7ec1de02483ecc737c1223"
"data/work/book_index_rebuild/images/page-240.jpg","data/work/book_index_rebuild","166202","253f5453213a727c01a8b2ce5d92825e73da1ad36bdbf96f21dbcae8ffcd2561"
"data/work/book_index_rebuild/images/page-241.jpg","data/work/book_index_rebuild","266590","a5b03afc693654c564b74c9d1090add577feb9e9b0d53a0cea03f81f8c3f6d46"
"data/work/book_index_rebuild/images/page-242.jpg","data/work/book_index_rebuild","276133","01ee5b4feea4aa112ad08129ad306e15480879c3ec20227409a58a77fee3c2c7"
"data/work/book_index_rebuild/images/page-243.jpg","data/work/book_index_rebuild","290385","0fa528691d0b9840cc260c6956d744a09f9ac2fc7834d91cc1975f538ff4c7dd"
"data/work/book_index_rebuild/images/page-244.jpg","data/work/book_index_rebuild","286534","2d99121f5b5e1ae54f9b50fb5c3b6cc6df921e531d65c21a3ac3e5fb349b3b27"
"data/work/book_index_rebuild/images/page-245.jpg","data/work/book_index_rebuild","289440","ce06835e6a5cd0ec61eff8766452ae811186c996c1a9654be4719c8f48daadb3"
"data/work/book_index_rebuild/images/page-246.jpg","data/work/book_index_rebuild","281486","5e53cbe55a28fdb53744074117923f730970c61c52e79062ee98b8ae91b37b69"
"data/work/book_index_rebuild/images/page-247.jpg","data/work/book_index_rebuild","279243","1509bbf0030b63b48e38aea24e3098ac7a293a532909def37a186cfe8ea34acb"
"data/work/book_index_rebuild/images/page-248.jpg","data/work/book_index_rebuild","275858","7eafe62fb891f150c2ca8d7a4c6057f532a3dee8152901ad9fb2495b9c6bbba7"
"data/work/book_index_rebuild/images/page-249.jpg","data/work/book_index_rebuild","285440","98c60fb762b3d7fea93ea93082760648f0da012d65b554e3cb789b22c6bd43a3"
"data/work/book_index_rebuild/images/page-250.jpg","data/work/book_index_rebuild","274688","dcd85493b01b977c6ba97f5e05160ff07ab5288cbd6000c07bbceba21d11f12e"
"data/work/book_index_rebuild/images/page-251.jpg","data/work/book_index_rebuild","285197","1178201b24ec0d96be4298666e943a2d95cf9c5b7be1460733cd99c5bed2e727"
"data/work/book_index_rebuild/images/page-252.jpg","data/work/book_index_rebuild","210713","fd009bf8388f54c8843a09be38f5a3891cb98389ee3e8b5059d1ecef307a4cfb"
"data/work/book_index_rebuild/images/page-253.jpg","data/work/book_index_rebuild","118897","c61ad7a33f5c093acb3a27985938c04498ac19535c018a9725c2872ccab4e0f8"
"data/work/book_index_rebuild/images/page-254.jpg","data/work/book_index_rebuild","215845","47fc981fdf458b55e03e3939fbf945eeff909a2274bfdea4236ea455162761ea"
"data/work/book_index_rebuild/images/page-255.jpg","data/work/book_index_rebuild","173783","dccbe3fd75efe368f8c20f23b19136a45af96657d509c54343e401496baab23d"
"data/work/book_index_rebuild/images/page-256.jpg","data/work/book_index_rebuild","280348","283e9ad3b20b38565227b92afce6c0405a522e009ef8f8a665a5f8bc47172be7"
"data/work/book_index_rebuild/images/page-257.jpg","data/work/book_index_rebuild","303191","811cd6ebd570db74054869124c437b2bba847adb0bc106d6c2263acf0a0d2650"
"data/work/book_index_rebuild/images/page-258.jpg","data/work/book_index_rebuild","353908","2f0e13c132416af31d03181d8628a91e7b3f3a0e5391dc3f8eb0dbad173dd592"
"data/work/book_index_rebuild/images/page-259.jpg","data/work/book_index_rebuild","344990","99cdc5140b184130dbe1092ee3b3d430496a64b2dcbd965320bc322f3272f27e"
"data/work/book_index_rebuild/images/page-260.jpg","data/work/book_index_rebuild","327472","e02fe6f319b447f24b5762f4525bc2935f982e34bedb09e42360971ce7d5d71b"
"data/work/book_index_rebuild/images/page-261.jpg","data/work/book_index_rebuild","296522","a6c404584ff124b2ffebace0a6f311f11d0e24002f0f10e55fc58dfa59b935e5"
"data/work/book_index_rebuild/images/page-262.jpg","data/work/book_index_rebuild","289002","6f10c9858656512f5682f87320293d0e120bbf256eb40bccf9469b8e860b22bf"
"data/work/book_index_rebuild/images/page-263.jpg","data/work/book_index_rebuild","264050","4cec108ae1fbb75ebfb7dade8ba1bc9cb6b0fd23fdaaf611127e04be20434a02"
"data/work/book_index_rebuild/images/page-264.jpg","data/work/book_index_rebuild","336093","4005b02fd26937e42b87d03d42de9ccd2e5b6743dd56c53b8cbfd635c56925db"
"data/work/book_index_rebuild/images/page-265.jpg","data/work/book_index_rebuild","236638","7e6aeddc1183da643555fca2a3750954f359952ceb5e4c974d6ebff254e87145"
"data/work/book_index_rebuild/images/page-266.jpg","data/work/book_index_rebuild","324787","fc55be68904ead9a0931f2e5e984554a7777d957b520458ba815f49fba2d851c"
"data/work/book_index_rebuild/images/page-267.jpg","data/work/book_index_rebuild","347721","0cb1eb6f1f4d73642e1d2eb4a09931fe021551c874d888624cc5583725351b4e"
"data/work/book_index_rebuild/images/page-268.jpg","data/work/book_index_rebuild","252369","6ca09ebd8a0094ce6d6601238494dc51b1611cf44a272f2230b7f3d300bfc402"
"data/work/book_index_rebuild/images/page-269.jpg","data/work/book_index_rebuild","249870","8c3723e3c294a00717ea929cb778c07dae9e98c0c3fabea719562380571d80ac"
"data/work/book_index_rebuild/images/page-270.jpg","data/work/book_index_rebuild","149128","e1baa4ed6f0eb3fb58e63b6108d628e28659a1def1c968ab66c5ec2f6a0f2923"
"data/work/book_index_rebuild/images/page-271.jpg","data/work/book_index_rebuild","369637","0acbc1cad10d17f16efa9297480c5bcf8099290d1380c5ffdc800b452c841ffc"
"data/work/book_index_rebuild/images/page-272.jpg","data/work/book_index_rebuild","347836","283aa32a53b99d2f9f3c5769b09c50ca38c7c03c347a493b53d8682e1d8e2b60"
"data/work/book_index_rebuild/images/page-273.jpg","data/work/book_index_rebuild","354386","dba060af0ab7df0c0006a7b9c72d65b0280f5dd770bef5153d55a890d0ad73d8"
"data/work/book_index_rebuild/images/page-274.jpg","data/work/book_index_rebuild","335239","958f26e2c3d4e03c97e2462f24eb978392441b997587f2678a12d71ec9e99700"
"data/work/book_index_rebuild/images/page-275.jpg","data/work/book_index_rebuild","287189","db02a4788ce4b3b933d794c56c7614acd1fd8fdc3bd19b8fd26422ed1afabf7b"
"data/work/book_index_rebuild/images/page-276.jpg","data/work/book_index_rebuild","342839","1d24fac5a4cbb8a5b25ec04409cf0c60d26e11b8c0398cde30c72a42c186360c"
"data/work/book_index_rebuild/images/page-277.jpg","data/work/book_index_rebuild","302778","95fdd1c0a66340927ef5f92e2db5d60c4cf2842f9feda3048b5dd61c4ba16f46"
"data/work/book_index_rebuild/images/page-278.jpg","data/work/book_index_rebuild","258549","f530f6cbafad1ceedf52a9facc31d3a31552366400425e40799c647d73588aef"
"data/work/book_index_rebuild/images/page-279.jpg","data/work/book_index_rebuild","208787","ce4de4591e89903309f26a13ee5f1669f56bd2966fdfdfec5b0a73d6048540d3"
"data/work/book_index_rebuild/images/page-280.jpg","data/work/book_index_rebuild","312495","a2f7e5f8edb3566c44f53644c9f3df8ae2d1d912f3050efcca4d04f967def148"
"data/work/book_index_rebuild/images/page-281.jpg","data/work/book_index_rebuild","274186","a2be7f6df8f0bd16bd9f76c84c8ef7d2d0be3a28e06c33e62d0a3bd5308c33c7"
"data/work/book_index_rebuild/images/page-282.jpg","data/work/book_index_rebuild","278231","cbb4ab67226e636e886bb9f43b4c64aeb034fc479d490f42daab63dcee64a6ce"
"data/work/book_index_rebuild/images/page-283.jpg","data/work/book_index_rebuild","260756","16be267338ac20cc86b6a6a51e0eb2c8cae8b2ba3e339e259f0838f2feaba600"
"data/work/book_index_rebuild/images/page-284.jpg","data/work/book_index_rebuild","209165","1c9c0836f2dc9e55216d98644d8cb30090a3957356e23ca3b34942b85bdbeffa"
"data/work/book_index_rebuild/images/page-285.jpg","data/work/book_index_rebuild","156459","488e24118e71eee69637173e67a8d62301d63f4eedd5391bb4738e23aef426a5"
"data/work/book_index_rebuild/images/page-286.jpg","data/work/book_index_rebuild","282391","7035da2bccca660cc1845c0c388cfe5b94c719e2ab81be06619fc13ffd281c11"
"data/work/book_index_rebuild/images/page-287.jpg","data/work/book_index_rebuild","289326","3f3ff647c790f652aab96d1aada6ba47657d66e9599bff26500b13e2b122cc30"
"data/work/book_index_rebuild/images/page-288.jpg","data/work/book_index_rebuild","269007","4179c705a376ead8b9a860086526a4e3e2d2a62cc1b29dd2bb1d4a45e652fc2b"
"data/work/book_index_rebuild/images/page-289.jpg","data/work/book_index_rebuild","285770","7bb78768b9794eb12a2fe99922a5cc996445a31eec1734ed6560b4278c13801f"
"data/work/book_index_rebuild/images/page-290.jpg","data/work/book_index_rebuild","279001","f6d371fb5d87132bd39897c7eacf625ab6b9a25a85f37c6254b36a053d52d768"
"data/work/book_index_rebuild/images/page-291.jpg","data/work/book_index_rebuild","275139","4dc86fcd1bcd34d115613fc802fabe700bd7a9d88cc80fa7e6f4f07141f2c5d6"
"data/work/book_index_rebuild/images/page-292.jpg","data/work/book_index_rebuild","301642","90bdc8aced3ac97aa5b9fced40c95edbd3d4f13b74145acae768f3804e3e618c"
"data/work/book_index_rebuild/images/page-293.jpg","data/work/book_index_rebuild","286330","2dd3ff778b2b07fec00cc73133f357f954439220a1c92f0eaf82993bb6193a12"
"data/work/book_index_rebuild/images/page-294.jpg","data/work/book_index_rebuild","292959","a86589951ec28af133bce439943c5c69f5452cc7264f437bdd9808f00d11f725"
"data/work/book_index_rebuild/images/page-295.jpg","data/work/book_index_rebuild","293607","813404fb55147a311c316127470299efeb13f7ca9d67014cb2473cb4e37e8984"
"data/work/book_index_rebuild/images/page-296.jpg","data/work/book_index_rebuild","285874","b86c1bad1d5677ab45ed28bb065847267e31dddc435e9e1dd35e7724c758b470"
"data/work/book_index_rebuild/images/page-297.jpg","data/work/book_index_rebuild","208335","a5e5aa11a3377b5dce082d3002ba3a2f2f838ffcd2c4abcfdde82f63d72a37da"
"data/work/book_index_rebuild/images/page-298.jpg","data/work/book_index_rebuild","131278","6ed77786f70214060e22c3448707d61934e4fec6a3c5469ee7d5db3be85476b5"
"data/work/book_index_rebuild/images/page-299.jpg","data/work/book_index_rebuild","309543","b5ed9249643f5ef786eb269259da72138110f65f3b5f4e08c80e7fb1f91b88ac"
"data/work/book_index_rebuild/images/page-300.jpg","data/work/book_index_rebuild","269715","795f75363b622481eecf96be9ea557b7768d6f6b1ae86856083e462054a07a11"
"data/work/book_index_rebuild/images/page-301.jpg","data/work/book_index_rebuild","189972","5aa2284c147dfd31db5583244d85eb676d59e8845f77ebdbb2256e1224b6123c"
"data/work/book_index_rebuild/images/page-302.jpg","data/work/book_index_rebuild","136118","ff10293182f85a5da3b5ed000dff0b25443bb149a271cdbddcc1395c60777970"
"data/work/book_index_rebuild/images/page-303.jpg","data/work/book_index_rebuild","210594","a5a9c0d2136bda55af76e1732266027da9271b07d03788d979a3a3b2bc805629"
"data/work/book_index_rebuild/images/page-304.jpg","data/work/book_index_rebuild","231755","a0c15f9a57d653772629166a7a24d1fdd4735ceee5d1f8c82b0f4dbf834364b0"
"data/work/book_index_rebuild/images/page-305.jpg","data/work/book_index_rebuild","269600","1a598314879d4a2cccb98e834705840624cc907f3ab52dc0d4e0191860936f4a"
"data/work/book_index_rebuild/images/page-306.jpg","data/work/book_index_rebuild","262016","c07dadf5ae2140d4d94da6b149fdb2d67da12aa6caead29f61b534e94846c346"
"data/work/book_index_rebuild/images/page-307.jpg","data/work/book_index_rebuild","148068","1a273322e647834f873fb930c033da7e8649e58d56bdaced2debcd74d5f15fc1"
"data/work/book_index_rebuild/images/page-308.jpg","data/work/book_index_rebuild","158264","2c87fdbb0ec6748e235af106f81d182df2e4ea8bb58d0b0699eee49d4091894f"
"data/work/book_index_rebuild/images/page-309.jpg","data/work/book_index_rebuild","284829","fe25e92625d05813bf102347f7cbafafaca713a08a08abd9f426c5082e7c6ce1"
"data/work/book_index_rebuild/images/page-310.jpg","data/work/book_index_rebuild","281072","c8761ef3f88abb2a641ddc2808365d3f21c17173a61ae77a8bece47a730aa680"
"data/work/book_index_rebuild/images/page-311.jpg","data/work/book_index_rebuild","236364","d44923a90deb178ac8bd3ed2d7de7f44b7f8e32ae1e3b8c95895cd77950d8669"
"data/work/book_index_rebuild/images/page-312.jpg","data/work/book_index_rebuild","209358","28ce0c249df6da0795b20b4d43beacb2ffcff14100af82f4a27aa7df1a54fead"
"data/work/book_index_rebuild/images/page-313.jpg","data/work/book_index_rebuild","304138","38ab03cf62ba69f627cabe54a46388d2f7a5b85634babb499def5eb289f52c54"
"data/work/book_index_rebuild/images/page-314.jpg","data/work/book_index_rebuild","288741","a706213f6fde17d09551034313da38c11ee8485500a0e5bb4b4ebf6b0ed02171"
"data/work/book_index_rebuild/images/page-315.jpg","data/work/book_index_rebuild","330182","4c5b214a0fb9ce352595af1db7e1dc995097992d8a10e7037be3c0bf754b77ee"
"data/work/book_index_rebuild/images/page-316.jpg","data/work/book_index_rebuild","371531","e4ee3a4eac984b2054a767f7af7f7ee3b37ecd81140a226c782c83714c8c6156"
"data/work/book_index_rebuild/images/page-317.jpg","data/work/book_index_rebuild","381800","0156bd25988caf468f6dc0bfab6a84fda6795b322b058325a5cb533b1592dfc3"
"data/work/book_index_rebuild/images/page-318.jpg","data/work/book_index_rebuild","249199","cd82fe98214d76d2304a616c827c95f57029feaa67872433b1d86b25618a4a65"
"data/work/book_index_rebuild/images/page-319.jpg","data/work/book_index_rebuild","258966","0c25799842f2c0f9c660c1789e4c36f3e7010dd73400b56a443937002c686ab3"
"data/work/book_index_rebuild/images/page-320.jpg","data/work/book_index_rebuild","140956","80edf4fa5d7a1fb9dff2960b5bc5fa6f2cdeb3f91b0eb93625e446651dfdb02e"
"data/work/book_index_rebuild/images/page-321.jpg","data/work/book_index_rebuild","357843","87131d81937ad3ae9433e0782f314f6d570154ba25f25b6ead0939e7d50e1763"
"data/work/book_index_rebuild/images/page-322.jpg","data/work/book_index_rebuild","259810","66634c6d9ab375c3e282f0939d682dab70d2e54e008c395ef6252834bcd295cf"
"data/work/book_index_rebuild/images/page-323.jpg","data/work/book_index_rebuild","268553","f60760b09893ca69dcd95425ecfcc3145f20060b4d0a9811737cb2254a1fba72"
"data/work/book_index_rebuild/images/page-324.jpg","data/work/book_index_rebuild","275516","a034fede7c204611decb0027e2d5ae7dee1a6c1e401fd8ebf0ed16ecf2d5f8fd"
"data/work/book_index_rebuild/images/page-325.jpg","data/work/book_index_rebuild","285924","aadf5d3d785c36ed46eb7fadb1dc198f342f73e4cf64d0ee64cdcb1f90c27233"
"data/work/book_index_rebuild/images/page-326.jpg","data/work/book_index_rebuild","281494","cef0a4b2bde09e34c8c1d28e25c24f6e20ab9d9b8ce81b7e82760faab03675f6"
"data/work/book_index_rebuild/images/page-327.jpg","data/work/book_index_rebuild","170354","5b0c0e72febaff64182d6910cb4aaf7ff3898dab4e0b2000b04210bb48dbce71"
"data/work/book_index_rebuild/images/page-328.jpg","data/work/book_index_rebuild","110204","5420cf9919047f16ba6a9d61c7411f2c29306dd74cc50fc7e9e4e98db735f9c4"
"data/work/book_index_rebuild/images/page-329.jpg","data/work/book_index_rebuild","224493","5f2a9df22c5011c9bcfc626302aa71d13784f396f995613d779c00124830958a"
"data/work/book_index_rebuild/images/page-330.jpg","data/work/book_index_rebuild","333364","d83deececcb40a685e71d84ba6a76a62ad86c77c543e3cd245f3e4c988869ffb"
"data/work/book_index_rebuild/images/page-331.jpg","data/work/book_index_rebuild","289158","e5315575bc82c0b340aebdf0f692011ec1a9982094bd75dae7674905d8c844d6"
"data/work/book_index_rebuild/images/page-332.jpg","data/work/book_index_rebuild","276993","c93aeb00a66ce300fd09e93e13e92183b34f5565ee0b88059c8d23231d28f38f"
"data/work/book_index_rebuild/images/page-333.jpg","data/work/book_index_rebuild","349287","afff184bef9c1f1e4db886416d3db890d4b543b5d4c2fbe9003c30d26caf645d"
"data/work/book_index_rebuild/images/page-334.jpg","data/work/book_index_rebuild","273303","6c8373c1c57e4f92635d1f310df14ad606e1a2400b8ea3d7c67245b4bba5b920"
"data/work/book_index_rebuild/images/page-335.jpg","data/work/book_index_rebuild","243443","1e817a71ddb6f491fb7d65f8f82b9e881605808d9ba277c5b6730567104f422c"
"data/work/book_index_rebuild/images/page-336.jpg","data/work/book_index_rebuild","281018","0bf9156a13dc0bc47caadf87dce17fe0e07fcb3644b56452e274f7929a732cef"
"data/work/book_index_rebuild/images/page-337.jpg","data/work/book_index_rebuild","268894","4010322bb2d7bc0046684c45f8bd9599540bc48d2d5d3210cce47f5e0ca87d18"
"data/work/book_index_rebuild/images/page-338.jpg","data/work/book_index_rebuild","256793","15c817e1a3086d796e8f41cb2f9ce76e979328d7800133b0f4cbedd54301fea1"
"data/work/book_index_rebuild/images/page-339.jpg","data/work/book_index_rebuild","258477","64335b76d653a703454250e9e12637538d559f138dca326ba6946847c82453ef"
"data/work/book_index_rebuild/images/page-340.jpg","data/work/book_index_rebuild","343624","efee67666c38873d1dd498524d4436c431678960ab94bd542763d4b321d2002b"
"data/work/book_index_rebuild/images/page-341.jpg","data/work/book_index_rebuild","326294","c2824ff8712106f7fad1f83c7129548d01893172383770fe72ba727647040c69"
"data/work/book_index_rebuild/images/page-342.jpg","data/work/book_index_rebuild","313637","b499a00c8c0b814bd6ca5546175702a725190c5201450ac873135d8c856d0d81"
"data/work/book_index_rebuild/images/page-343.jpg","data/work/book_index_rebuild","177507","fbb1b45b3d5a0174736c538acb6d18b8d2140c7ecf90e91b30bbb51c49ffb452"
"data/work/book_index_rebuild/images/page-344.jpg","data/work/book_index_rebuild","302792","9fea40d46edd29d3b699551e2ac261df07811fe5bdfa7a20ea4ac5853386be39"
"data/work/book_index_rebuild/images/page-345.jpg","data/work/book_index_rebuild","315575","95f2cc4b6a4ea661d6b0f46caee42a37eed5bc8e58e4c8face66ff7f263b5fa3"
"data/work/book_index_rebuild/images/page-346.jpg","data/work/book_index_rebuild","333667","bbcce5c7788b5d931ca724b167a6a5cf9755067a1fa7c287757b470e9b590eb2"
"data/work/book_index_rebuild/images/page-347.jpg","data/work/book_index_rebuild","319111","8e8349ca03321815e77f0c6b046375dbe34995cd2fd38ae6581af72f4bf49e2f"
"data/work/book_index_rebuild/images/page-348.jpg","data/work/book_index_rebuild","341594","15f4aab5a01cd0f79399fb4f06b3834fe5946f5b4033cdb7e19d46bfe76d81f4"
"data/work/book_index_rebuild/images/page-349.jpg","data/work/book_index_rebuild","319360","01233d4dbc885f9c2efb6e2565325f222b83115529151901375f01b00fbc4404"
"data/work/book_index_rebuild/images/page-350.jpg","data/work/book_index_rebuild","274815","25034c6877ae33c0dfce14b733909e707c880a76574db36f79939bb85e5db369"
"data/work/book_index_rebuild/images/page-351.jpg","data/work/book_index_rebuild","240196","a4035e5d8bf772f6b94d588325d9b963b7e2304dec9231a54b7f6fb8039288f1"
"data/work/book_index_rebuild/images/page-352.jpg","data/work/book_index_rebuild","264380","42f77cc3e18ddcd955c7500d505d3b80d26aab3828ca9bd84d0cbdfba56e5413"
"data/work/book_index_rebuild/images/page-353.jpg","data/work/book_index_rebuild","261434","f41913749605dae1406595bc8b505c8de84dbbd0f65079cb0666af33f755bdb7"
"data/work/book_index_rebuild/images/page-354.jpg","data/work/book_index_rebuild","311380","b785110d38866ec5f6a7df2a63e8c694d11e85a8b833fcc4678ae55f32e76599"
"data/work/book_index_rebuild/images/page-355.jpg","data/work/book_index_rebuild","183535","3ea566208b1fec850879bc518917feb6d60a71162877dec5425e1131d0343dee"
"data/work/book_index_rebuild/images/page-356.jpg","data/work/book_index_rebuild","206238","49a59e59e3ada3adb82de2108c722b8a11249273616f6bfaac8aca0752ddac19"
"data/work/book_index_rebuild/images/page-357.jpg","data/work/book_index_rebuild","196155","30d351177db4e60b8f2b742c80caed5606222bd2c745a52b37e1df13d7752c30"
"data/work/book_index_rebuild/images/page-358.jpg","data/work/book_index_rebuild","179060","05f4dc54aefef415dd2f37c451ee82f4ba47dd42a606ffece13b22c8a97dde57"
"data/work/book_index_rebuild/images/page-359.jpg","data/work/book_index_rebuild","217983","d3ff9c213d729d0d03e5856da777a8898b1b04a0d9dc665dca96a7ce37833e82"
"data/work/book_index_rebuild/images/page-360.jpg","data/work/book_index_rebuild","273638","0e75a3f5b8ba26bcaae36f0aeff719de3f54859bd1f44e417c1e0ae3b198f5d0"
"data/work/book_index_rebuild/images/page-361.jpg","data/work/book_index_rebuild","290188","f68841e91b0b89c6877fc6e1d3a066ade7313305d1e9bfec16df85470433c650"
"data/work/book_index_rebuild/images/page-362.jpg","data/work/book_index_rebuild","288743","5800aae9ff518930feb25bf0d7bd2a2f2a7337ae3aa90e37996e1cf5e1787c8b"
"data/work/book_index_rebuild/images/page-363.jpg","data/work/book_index_rebuild","280673","d5a620085607692dc475b0760d5ec1250ce93474076f64be66ade13f02a61b65"
"data/work/book_index_rebuild/images/page-364.jpg","data/work/book_index_rebuild","279930","0ff2ce92585e0835f289ca758f7cd6d7666f99017238e8bdeabebddf76c92b67"
"data/work/book_index_rebuild/images/page-365.jpg","data/work/book_index_rebuild","284470","cd585a66a532b41ec13a8ad43649518ccd3ef3f6459f669c108c9d4505b9d6e1"
"data/work/book_index_rebuild/images/page-366.jpg","data/work/book_index_rebuild","274996","05150535d7606075f679dd5c89c232728fed54cd82cc898ac5e6d5150099b03d"
"data/work/book_index_rebuild/images/page-367.jpg","data/work/book_index_rebuild","293211","e753d6fef5fddba3ee4529671e8eded7baa0137fc57ed8d41a215559789fa4c3"
"data/work/book_index_rebuild/images/page-368.jpg","data/work/book_index_rebuild","266840","c13f4c6198df9afbf3e58ddfe05554a860d907f64e9e6e520022b05bf2b7263b"
"data/work/book_index_rebuild/images/page-369.jpg","data/work/book_index_rebuild","294563","3ea302ae1276642c86750c1647aa94a9abad23abd1b808de7d322cb753fc5e64"
"data/work/book_index_rebuild/images/page-370.jpg","data/work/book_index_rebuild","284437","3a8129c5b0c69ca8595293827ade1daf12e9ff50ef630f0ff7fad8faff47aef6"
"data/work/book_index_rebuild/images/page-371.jpg","data/work/book_index_rebuild","293527","146aba7a72a95ee038ad3ed85007b55d75187b6c825edfb1081492b723f9215c"
"data/work/book_index_rebuild/images/page-372.jpg","data/work/book_index_rebuild","168510","2deab759ad35ec766b50a7abe1b9cd51b595e1be8736d24d99605e9e0a90762c"
"data/work/book_index_rebuild/images/page-373.jpg","data/work/book_index_rebuild","117646","d17bad3114ff3f1928919db7a4425f3c3d8d71b894cc9213796e118a9838e107"
"data/work/book_index_rebuild/images/page-374.jpg","data/work/book_index_rebuild","245359","9ca58ae5b2538cc59ed73a36b1966bc711a5adc26ab874967890b9079cf6b5fd"
"data/work/book_index_rebuild/images/page-375.jpg","data/work/book_index_rebuild","148247","6abe3a47e12662f1fd4418e285fd25f75b0e1e19904c405f8deec5875491ccc7"
"data/work/book_index_rebuild/images/page-376.jpg","data/work/book_index_rebuild","155360","51e67058fa01503726a345bc6be086c553cdad2a18fe804b671e2f22968c7ca7"
"data/work/book_index_rebuild/images/page-377.jpg","data/work/book_index_rebuild","124756","d89158da529f7ff58bc7107b4e46a09f91e26b82af7eb5240575ddcd62eb022d"
"data/work/book_index_rebuild/images/page-378.jpg","data/work/book_index_rebuild","304503","803cded6f5746ff8c13c4c12fcbb326c22228a0db026d5d0eef88802610e05b6"
"data/work/book_index_rebuild/images/page-379.jpg","data/work/book_index_rebuild","218043","0837a1d7ca93e6a60a7efe69f6cb94321fce8449a72475bcda6e7e402cb76b5b"
"data/work/book_index_rebuild/images/page-380.jpg","data/work/book_index_rebuild","302695","310860f861bece8d8e5e69b1484f3cbc810799d59fc30d80a3c9cd6e4a3931f6"
"data/work/book_index_rebuild/images/page-381.jpg","data/work/book_index_rebuild","386926","947e649495f1ecc31f4e1f0273e3e991d6c2191210862896a14e9eb0562107c8"
"data/work/book_index_rebuild/images/page-382.jpg","data/work/book_index_rebuild","357175","635a3f82fb8b2bcc1ceb04c1adaa69831c26b4bb9be6efe4b697a12932378741"
"data/work/book_index_rebuild/images/page-383.jpg","data/work/book_index_rebuild","294353","a49e6d04e10e954ba203b144b8b8760e23bdf65f47214218963fde538633efc2"
"data/work/book_index_rebuild/images/page-384.jpg","data/work/book_index_rebuild","316094","b0a1863b2e88540e1929a131e542218fbddb134221c1e522c6847aedc1eccfcf"
"data/work/book_index_rebuild/images/page-385.jpg","data/work/book_index_rebuild","272488","539e0b5065d983998989fde5e826b6c48bf63540e7ff85cb520086712a084c22"
"data/work/book_index_rebuild/images/page-386.jpg","data/work/book_index_rebuild","188616","7a084f18ea6032346aab4604e4fa44b583bb9325fecbfd732ba1807470e420f6"
"data/work/book_index_rebuild/images/page-387.jpg","data/work/book_index_rebuild","249508","4ed9992e533f34ad41f7080ec5a6ac4294fa6e83d4104856e3fc3db27f4fca2d"
"data/work/book_index_rebuild/images/page-388.jpg","data/work/book_index_rebuild","278827","e121f9bd31b98276837321612a1c5315f0f3e9d87ef622ad166d127e6adb8143"
"data/work/book_index_rebuild/images/page-389.jpg","data/work/book_index_rebuild","272611","95bb742b052996ccf6f9ad2b347e92ed32ac69b55a89d609546c5ce05f5b8fef"
"data/work/book_index_rebuild/images/page-390.jpg","data/work/book_index_rebuild","266541","a801cf6ea23db147364d3d5ad4208d608455a5199a425eaf098e1581a343ad52"
"data/work/book_index_rebuild/images/page-391.jpg","data/work/book_index_rebuild","295653","1338d1b395e3e34eede9487ec4d50ca965432dac6a45174eecede6c04ae8e0ea"
"data/work/book_index_rebuild/images/page-392.jpg","data/work/book_index_rebuild","256142","3a3de61950c3194c07e02f9e8dd3789b6fa617c02c1698ec7066895cda567dc9"
"data/work/book_index_rebuild/images/page-393.jpg","data/work/book_index_rebuild","238768","bb51f7bf21f6c5c6e0c9b9a0e3180c2dba74e0240f51849258caf6c85b6ca499"
"data/work/book_index_rebuild/images/page-394.jpg","data/work/book_index_rebuild","304835","c529467009c812d85f1b8ddfab38271f46df265d5df3ca1cb71a44b796d941a7"
"data/work/book_index_rebuild/images/page-395.jpg","data/work/book_index_rebuild","254201","94e04d47ac39857b0066a24c725c74c396b6d40e7bb747d02f741008330029cc"
"data/work/book_index_rebuild/images/page-396.jpg","data/work/book_index_rebuild","223895","60cdbc1b25fda2fa8d46869990ee159554768dae25459fd9aab791fe05c3f10c"
"data/work/book_index_rebuild/images/page-397.jpg","data/work/book_index_rebuild","116494","ae4f45e408bae019a4582882a03b90e1d3289cca5edd34f1e5b6ffec4910f4ac"
"data/work/book_index_rebuild/images/page-398.jpg","data/work/book_index_rebuild","204569","2726607977d5b187bcba701fe85f6da94084f74fb2b5efdc68af58800771f56c"
"data/work/book_index_rebuild/images/page-399.jpg","data/work/book_index_rebuild","277260","65ea20f52090d8ec02e3467c2ddbf44477e237bed1c2f3732ab03def48b56092"
"data/work/book_index_rebuild/images/page-400.jpg","data/work/book_index_rebuild","107999","3f91f8b198248b0378223a04bddfb7e0123ebcbbea074f340442b230d1da1cd2"
"data/work/book_index_rebuild/images/page-401.jpg","data/work/book_index_rebuild","148541","87104b570219ac2de8a3fb3fc9b31ccb2db80ce9d79675734acdd7e2bc3f91d8"
"data/work/book_index_rebuild/images/page-402.jpg","data/work/book_index_rebuild","254932","c5781b05f7a77d89ccaf5aae1ecfa32bf43a93bdae7b42655fd3ef874252b614"
"data/work/book_index_rebuild/images/page-403.jpg","data/work/book_index_rebuild","288665","119dcbfe2eb8f9d1e5d55eec57948a264b76c197ee1b6c2da5c6539ff44af275"
"data/work/book_index_rebuild/images/page-404.jpg","data/work/book_index_rebuild","290409","3ee0cad2c23cc10322d2b60a52372ac8a0b3f661d9ca2f43117f6519b029f27d"
"data/work/book_index_rebuild/images/page-405.jpg","data/work/book_index_rebuild","272711","921237c03ec3abf6a6c1291644ebd7c60c455439b40e8c053c7db0c697338c38"
"data/work/book_index_rebuild/images/page-406.jpg","data/work/book_index_rebuild","264981","86cd533b6d64678203aac59eb9a3377cf5d0c67762a7036534fd36c3368750b2"
"data/work/book_index_rebuild/images/page-407.jpg","data/work/book_index_rebuild","281160","15909dc0898c6c639da2413ff1940ac3e18e88668a6efd2881bf5bc9af0fcce2"
"data/work/book_index_rebuild/images/page-408.jpg","data/work/book_index_rebuild","281475","8f047c4c897025dc9ea3bd55fb813172a58c92b86a9056cbd560268d41225d77"
"data/work/book_index_rebuild/images/page-409.jpg","data/work/book_index_rebuild","280523","a27af956831ad599bc55054c002e2ce18b3443771ca53c694a16597dd8330fc9"
"data/work/book_index_rebuild/images/page-410.jpg","data/work/book_index_rebuild","279390","8e959684a677e5d58508130b106a2cb2b5ea758b648252e8b6676e91efcd93a9"
"data/work/book_index_rebuild/images/page-411.jpg","data/work/book_index_rebuild","198411","870a791ec2ae28508f67cf986d257e2789196146cbb5d3395a7e978ebd2afba7"
"data/work/book_index_rebuild/images/page-412.jpg","data/work/book_index_rebuild","103184","768f5f6145232656423c8f8fbf9288c8aeac3d817ce9545c128e0310e59aac88"
"data/work/book_index_rebuild/images/page-413.jpg","data/work/book_index_rebuild","228251","cdd2080e54d9b0aa394c58a14a7f4b909de86fecff2c9db520c45483050c9000"
"data/work/book_index_rebuild/images/page-414.jpg","data/work/book_index_rebuild","279584","b3c5b413e327bde0f118495c73611f27b2e9454d6fa72b01e6c4ed94d5a81621"
"data/work/book_index_rebuild/images/page-415.jpg","data/work/book_index_rebuild","282969","e9c13e61ee74cb4f7ac63f2c69477c17f75e0d2f7d13d2ea011d1f806df2e4e2"
"data/work/book_index_rebuild/images/page-416.jpg","data/work/book_index_rebuild","275972","f15f0b76485a7c85c667e26d90f310c8a3aabf2907eca1acd464146827d4e44a"
"data/work/book_index_rebuild/images/page-417.jpg","data/work/book_index_rebuild","295266","d594bdba124d3f1ca10c4ed5d6bb9862ca51c1135f7d847cefe9f6744f5ed352"
"data/work/book_index_rebuild/images/page-418.jpg","data/work/book_index_rebuild","277345","a4971c2537e03ec273a95ce7c0f6a0d29889cd672814cb2ff024091a5834a5c3"
"data/work/book_index_rebuild/images/page-419.jpg","data/work/book_index_rebuild","238201","cd8c9d14a926eb9026668c26954320e5ea4851dd9a0f18abc7c2071171b63958"
"data/work/book_index_rebuild/images/page-420.jpg","data/work/book_index_rebuild","320980","d9d5d0205c5b25592bfe3a16bf86059f84df0cc195e654f41e0560f58bee82bf"
"data/work/book_index_rebuild/images/page-421.jpg","data/work/book_index_rebuild","252653","7408cf8e18cf39990e296bcc4b50efa7922675ad1d303aba390093375f94e90f"
"data/work/book_index_rebuild/images/page-422.jpg","data/work/book_index_rebuild","258317","55d9a5f47f6a10f4f47b1c7f31f328a2f7537120e7d98cb8e400d92196a1e59b"
"data/work/book_index_rebuild/images/page-423.jpg","data/work/book_index_rebuild","299834","88dda8e7b53416768ffad9f11aa12cf519f6c0c56bd4cd2ba35b529059d68c48"
"data/work/book_index_rebuild/images/page-424.jpg","data/work/book_index_rebuild","311681","f501905312add8521102488c99d265edad9b5164e00746c7810277fd9782e529"
"data/work/book_index_rebuild/images/page-425.jpg","data/work/book_index_rebuild","278801","8ba5d1bf4d52ab08979c7d7b50bb5b37a4fd74e4114e79768ec11861523b3e68"
"data/work/book_index_rebuild/images/page-426.jpg","data/work/book_index_rebuild","276826","6261e368031f6060a04967b9bf3e01a8956ba8acc90372c2666160bc889bac02"
"data/work/book_index_rebuild/images/page-427.jpg","data/work/book_index_rebuild","252553","8f8e8d89fa68c74c8953b0aa86ec4f6a7de2978f734c4908e2426b991e48dc38"
"data/work/book_index_rebuild/images/page-428.jpg","data/work/book_index_rebuild","220784","97465f043dec51fcb67c0011ad5d840217bfeadba45576ea5e69f0f77e7f7054"
"data/work/book_index_rebuild/images/page-429.jpg","data/work/book_index_rebuild","289201","c8108a0e18f94aa69e8c1390bc1d3cae1adb42aafd7759c69cd53d25dd67fdf3"
"data/work/book_index_rebuild/images/page-430.jpg","data/work/book_index_rebuild","268360","f121dcff0765770262b5488a625e309b129e37f15903ab6c1d1cec136bcdfc87"
"data/work/book_index_rebuild/images/page-431.jpg","data/work/book_index_rebuild","275093","51dd48d57e6fefc39d0bf3673918f71568e3510ec17055929797c87aaa433c83"
"data/work/book_index_rebuild/images/page-432.jpg","data/work/book_index_rebuild","316358","c0c9bdcc522fbc16ef84f6213178c887c14411387bf4ab10cfa9e22b3be7fee9"
"data/work/book_index_rebuild/images/page-433.jpg","data/work/book_index_rebuild","335644","44c477b522282b3536b6cbabc3df875fb48a18a73611fc3d0591ef681e0d65b6"
"data/work/book_index_rebuild/images/page-434.jpg","data/work/book_index_rebuild","306985","7738cf730e48b545bf8da017e954d7642d5d2700b2462612cc2dc960391bd83c"
"data/work/book_index_rebuild/images/page-435.jpg","data/work/book_index_rebuild","240704","8b06564ed802ecf5573e12ebd7e755a99cb7f8b6b710418b44312bb58fcc665e"
"data/work/book_index_rebuild/images/page-436.jpg","data/work/book_index_rebuild","302371","c99485eeb4aa512e8b45caac93a3717fb523f1418ab6e375c9bc4c4b94cf173f"
"data/work/book_index_rebuild/images/page-437.jpg","data/work/book_index_rebuild","358061","a6e1ae94207675a2bc2c968ecdfd371c50d9d575da2bebcdc9d6e1c7d51958ed"
"data/work/book_index_rebuild/images/page-438.jpg","data/work/book_index_rebuild","314647","1535db30e4a2dd680437b9b2a45da3f031cb553345382c179fe87294a1ec070d"
"data/work/book_index_rebuild/images/page-439.jpg","data/work/book_index_rebuild","211352","24893254fd528964e9c3ae18a5d641fb6f81bc7316c7c2954e7d69529e4c32db"
"data/work/book_index_rebuild/images/page-440.jpg","data/work/book_index_rebuild","256536","bbedc4da375bd85f3be4e5f2c6e0f07bbe383e710b2b06b3fd10e6d1debd5490"
"data/work/book_index_rebuild/images/page-441.jpg","data/work/book_index_rebuild","268960","03cb9d068c96b6e704fc23dcd4d6e780c4765efa53767364a452587e30a6984a"
"data/work/book_index_rebuild/images/page-442.jpg","data/work/book_index_rebuild","281139","16fd22eefc5618485f4f898f26f3c22af24836373689210de105368e4daa6f40"
"data/work/book_index_rebuild/images/page-443.jpg","data/work/book_index_rebuild","276067","1b799524392d060a240b5002c05293278c37e7a7096d10d127025ee096ff06ee"
"data/work/book_index_rebuild/images/page-444.jpg","data/work/book_index_rebuild","275704","d22efcb88b4076a233816ac79f3860e375c45af8cc1036164c514042ccc4373d"
"data/work/book_index_rebuild/images/page-445.jpg","data/work/book_index_rebuild","123142","06269e05625a4de14a4792f3ab2994d49a564df8e883eb7c508a50bdfc40bb60"
"data/work/book_index_rebuild/images/page-446.jpg","data/work/book_index_rebuild","330827","7f89f0827118d4f61af155bbce511cc76e041fb325c63bed522c8bbbb9dfc0a9"
"data/work/book_index_rebuild/images/page-447.jpg","data/work/book_index_rebuild","252652","320e1e1bbe1557cc3b54a5583dac76067b8954eff616766add57fa778d05cc96"
"data/work/book_index_rebuild/images/page-448.jpg","data/work/book_index_rebuild","328716","a6b6f44724a7423b916147b4f5f7ce6b91a76e627866bddaacee2a63f63ee0fd"
"data/work/book_index_rebuild/images/page-449.jpg","data/work/book_index_rebuild","289075","611490f35fc9b1b4be0721b2f7db14824c7faef4fee2f11e58933e85ed9a9bda"
"data/work/book_index_rebuild/images/page-450.jpg","data/work/book_index_rebuild","284703","9bbb4d406556b44d8e040b04a6bd646a93fcc838a98994d9696076c40c98be05"
"data/work/book_index_rebuild/images/page-451.jpg","data/work/book_index_rebuild","303751","f0cc103086172217d1f315191b3fb4954d672959733c9d7232695cc8dc28191f"
"data/work/book_index_rebuild/images/page-452.jpg","data/work/book_index_rebuild","309300","0678b8515141c11ad592f45fcebf782072b1ae31c09d6625cc49dc9819d382a6"
"data/work/book_index_rebuild/images/page-453.jpg","data/work/book_index_rebuild","322855","5ef925f11c698278f91ae1a7af465d8256d05b7ca1604bae802d5f31905f78b5"
"data/work/book_index_rebuild/images/page-454.jpg","data/work/book_index_rebuild","330645","eaff034488663a9bebcb5ddb5981a718b4db4c2be514d2d31d78f12702d6270c"
"data/work/book_index_rebuild/images/page-455.jpg","data/work/book_index_rebuild","311948","cf33cf96e7803f297d71357c52ac5ee20421b4320635ad36a77fdad661d523ba"
"data/work/book_index_rebuild/images/page-456.jpg","data/work/book_index_rebuild","306075","fa4ede192924473cebbb6a4be8b3133656da0d0a263fd94a98c220b181aba73a"
"data/work/book_index_rebuild/images/page-457.jpg","data/work/book_index_rebuild","296434","25afcde6557939c6cd3bc5276434d4dd86732c072f27d2f07b8bfb57ab710c61"
"data/work/book_index_rebuild/images/page-458.jpg","data/work/book_index_rebuild","301381","4183cf4e401a7d0c616e5ce4a5b561698b4c322df4afd2283ded60e86fffcbf2"
"data/work/book_index_rebuild/images/page-459.jpg","data/work/book_index_rebuild","258934","73be668529eeb1a80d5e4f3b57157572205c50fcebb14aa6b2bd34c34377cff2"
"data/work/book_index_rebuild/images/page-460.jpg","data/work/book_index_rebuild","359378","0e711461193466df737e4c3425fd8a70c001ec90884b74a61123e21167c0aeeb"
"data/work/book_index_rebuild/images/page-461.jpg","data/work/book_index_rebuild","338798","a4311f92610d0574ab6271b6f97890e4653869d49d5bb89adfb608510afb1fea"
"data/work/book_index_rebuild/images/page-462.jpg","data/work/book_index_rebuild","314418","3c6baa8ea108a8c7199f93d34ecbe72a3da4caa14a8035bd1ac299dd1521faf9"
"data/work/book_index_rebuild/images/page-463.jpg","data/work/book_index_rebuild","319870","fcf073e342d11b137ca45ae7d72a0866213fd778f38aea5836c7a2ffdd85f201"
"data/work/book_index_rebuild/images/page-464.jpg","data/work/book_index_rebuild","302973","54d09776061aecb2431208ea38ffd30a97125a9f3627996c2694df4c9c465e6d"
"data/work/book_index_rebuild/images/page-465.jpg","data/work/book_index_rebuild","304447","32a2ff5d5e2159b04c740a24b94ff1718ff3db33c165078fc3e76e72af96aeb1"
"data/work/book_index_rebuild/images/page-466.jpg","data/work/book_index_rebuild","307283","53001244ae746b4077539e6cfd180fce24d01bd3fea5216ddcaacbfd9c2a2568"
"data/work/book_index_rebuild/images/page-467.jpg","data/work/book_index_rebuild","298359","7fddc29152027fd682fd61e141488337e988820a34daeba7c54f555b92c02582"
"data/work/book_index_rebuild/images/page-468.jpg","data/work/book_index_rebuild","277611","519f3fbfe60036895f08fabfcd99cd1ab7c5ec4a0c22aaee72ca03cf9c70e2b4"
"data/work/book_index_rebuild/images/page-469.jpg","data/work/book_index_rebuild","292989","72141fbc31b41c49d455b8e9bca3af1c3ea3ac3f6bd841544d6099b7c642b675"
"data/work/book_index_rebuild/images/page-470.jpg","data/work/book_index_rebuild","200760","17c37db4d0370d619660548b563d3c8486aecc40bc1ade7450582dcdebcdc4e7"
"data/work/book_index_rebuild/images/page-471.jpg","data/work/book_index_rebuild","300599","c9c47450ffd280180280d0d5a89fdab09c2dd25256a4280f1b47aebda09cf3a0"
"data/work/book_index_rebuild/images/page-472.jpg","data/work/book_index_rebuild","290593","8e63e9f217bc7b33e1ca471d3646297ac046ca4b18d94d2d28522cdcd8b37405"
"data/work/book_index_rebuild/images/page-473.jpg","data/work/book_index_rebuild","328832","4c42522a12c977be29c644293f7f88e79c555f038dde5508a92717438cf57413"
"data/work/book_index_rebuild/images/page-474.jpg","data/work/book_index_rebuild","317627","39e3da67409ed8cea9c1decb829cc47a6a9344d2a4e547b45a0e4845de941bf6"
"data/work/book_index_rebuild/images/page-475.jpg","data/work/book_index_rebuild","337187","d0c812106ed5cb3975a488e6e4d9ee1287c91a1536c6d117e5a8380b85358702"
"data/work/book_index_rebuild/images/page-476.jpg","data/work/book_index_rebuild","302997","6029ac1a71becc1875f88c7317dd4be68687a9c2da8c2438cad16c8536fc2fd4"
"data/work/book_index_rebuild/images/page-477.jpg","data/work/book_index_rebuild","402447","2c0738882fa5d6ac8385993e12222ad4bef3da0e86cdacbdcf61357c32864a7e"
"data/work/book_index_rebuild/images/page-478.jpg","data/work/book_index_rebuild","264842","c8ee78ac564c4fbd75f68368e5f57552a7a59976ce59a2952f0cf938e755c653"
"data/work/book_index_rebuild/images/page-479.jpg","data/work/book_index_rebuild","217316","5be30caf68d41401fd2e4bfedbb8d4c3b1d60c5c39012a1edfef6c3224a97fef"
"data/work/book_index_rebuild/images/page-480.jpg","data/work/book_index_rebuild","289834","d9f9bea5d2f591712df45e861a73a772e1d5b6873fa203e0f3284f91806fe358"
"data/work/book_index_rebuild/images/page-481.jpg","data/work/book_index_rebuild","175194","e5177cf5591188315830b11e433af8b0306defeb2e8e75339b956d7cd395718c"
"data/work/book_index_rebuild/images/page-482.jpg","data/work/book_index_rebuild","281309","f34e1ccdeca012a465a7b65a0d43e08772f59279cc46c5bb2df8391150c11122"
"data/work/book_index_rebuild/images/page-483.jpg","data/work/book_index_rebuild","195928","b09205a671f9b1e69c18fa0ea3a02b56a57d5bd0f78a20174769bb961bd6bfc7"
"data/work/book_index_rebuild/images/page-484.jpg","data/work/book_index_rebuild","231878","3cbcc7a9252983b1d38e500a9c06139279631fdb49400fc18fab78c1216f8928"
"data/work/book_index_rebuild/images/page-485.jpg","data/work/book_index_rebuild","280550","fee644d22bba51ad3962c37066abd3786431837bce1812aa0effbb6035d4bccc"
"data/work/book_index_rebuild/images/page-486.jpg","data/work/book_index_rebuild","274881","dc032149ef9c47b9b9282c428db9d21fd2183256b9adc1a28fcbd63b0674ebc9"
"data/work/book_index_rebuild/images/page-487.jpg","data/work/book_index_rebuild","282177","9e7bd1532b1af9c221df5a13630e6296fc4181e28ce547fdc5366db88bea3aff"
"data/work/book_index_rebuild/images/page-488.jpg","data/work/book_index_rebuild","265802","9267e4bb6c26361947857a8aa1642b814b7297f18b8a757daa0b2517064f7cd1"
"data/work/book_index_rebuild/images/page-489.jpg","data/work/book_index_rebuild","290106","3aafead11a064ec383ab4032fe6e38c1430e734fcfce3c68562ef856ae179ad4"
"data/work/book_index_rebuild/images/page-490.jpg","data/work/book_index_rebuild","291885","79c71cc2db60a5f5881e8d2d38a87f92de61a3d44acbb91b7709a3bb40077cba"
"data/work/book_index_rebuild/images/page-491.jpg","data/work/book_index_rebuild","285593","87d096e4d526b5dfe7545edec9892c0d12a7c3c519b11168d50380b8ec174c89"
"data/work/book_index_rebuild/images/page-492.jpg","data/work/book_index_rebuild","279878","755464e6e1cc0a52f7c9df0ee3c7010a4db4b3cc7472a3df9876c26bddea8502"
"data/work/book_index_rebuild/images/page-493.jpg","data/work/book_index_rebuild","285489","9ff4925e1c55f5bfa09157ca088187f81f4bfa4d92c95738568f5d56b335d86a"
"data/work/book_index_rebuild/images/page-494.jpg","data/work/book_index_rebuild","294513","ce869b04f76060dcb02cb9b0b37889b041e1fa604566724b3728371551d838df"
"data/work/book_index_rebuild/images/page-495.jpg","data/work/book_index_rebuild","282940","6dc46abdf874fe9d15a455fe7d9d1d023b743e7321135f7a8aa5de21f8303808"
"data/work/book_index_rebuild/images/page-496.jpg","data/work/book_index_rebuild","288733","b11b5b5154dbe5f3209f52532d1c94b22f299a544899cbb14fe281b464d03fdd"
"data/work/book_index_rebuild/images/page-497.jpg","data/work/book_index_rebuild","279716","f927ff6a0aac0203fe337f2f3c81bb6398d129f0d258e5a82a34f7df2ed16bb4"
"data/work/book_index_rebuild/images/page-498.jpg","data/work/book_index_rebuild","279855","357c6d5c193f2955b44c8b5239bfdab6d097ae6ae6d2fc38b6b2e97e7d9d5594"
"data/work/book_index_rebuild/images/page-499.jpg","data/work/book_index_rebuild","283886","d1a873c3cedefbb08483b6ee4b143d22224793eae884f5ce0c80721713f26dc8"
"data/work/book_index_rebuild/images/page-500.jpg","data/work/book_index_rebuild","270476","f273bee343788349b513611581b2d0071395580f00501113994713d60a3fb70e"
"data/work/book_index_rebuild/images/page-501.jpg","data/work/book_index_rebuild","62929","5191c9607f270bc209f61a1a7f775f7287db9ddac4c7e8f49293b22d07877293"
"data/work/book_index_rebuild/images/page-502.jpg","data/work/book_index_rebuild","127051","f3e1be13f53c146b23a5db284968c0a31abd6c5b44495c5f1eceb28cf5c1a7be"
"data/work/book_index_rebuild/images/page-503.jpg","data/work/book_index_rebuild","275516","4ef996ca1c4b5025d1bec4302f25a3a43cce3f380e3ed4adfef75738fd61c24e"
"data/work/book_index_rebuild/images/page-504.jpg","data/work/book_index_rebuild","206142","7942976ad95869d0de4c752e32a3f2a215857866af8e473e8d6e31be4e1a43b2"
"data/work/book_index_rebuild/images/page-505.jpg","data/work/book_index_rebuild","246486","9038320770b741af527c0b83ae22e98f919392a564b7ea156cfda7ec804d73c8"
"data/work/book_index_rebuild/images/page-506.jpg","data/work/book_index_rebuild","256531","0097b0fe81c9b95c67f1306e8574e8c4078c59d7568aefefb7829d3c254f6c19"
"data/work/book_index_rebuild/images/page-507.jpg","data/work/book_index_rebuild","323571","1c28b1be598affce6fc26e8fe052c4cbefed6a9e12a8f28f92b2d64bf9df1453"
"data/work/book_index_rebuild/images/page-508.jpg","data/work/book_index_rebuild","254436","07f03648b654c670499d9bceeae738bf5fa5ea9186e0cb21b868de5010f71928"
"data/work/book_index_rebuild/images/page-509.jpg","data/work/book_index_rebuild","274947","72de967de116da695000851cd81152dd612facaa3e2b68ccfee6e5c47db01678"
"data/work/book_index_rebuild/images/page-510.jpg","data/work/book_index_rebuild","299461","2e9727cb87655987ce3f0f6ccc6c22096e23ba30724404ddc19c6ee22be82198"
"data/work/book_index_rebuild/images/page-511.jpg","data/work/book_index_rebuild","248318","d5d8fdc0b0beb4e10c471663344fa9c4b18a320ccd3a7a76325b5b4188e24735"
"data/work/book_index_rebuild/images/page-512.jpg","data/work/book_index_rebuild","289716","56dde0b449c9b6607c00f4481586094700ee1ac432b9181a5fe0e045a2ddd37b"
"data/work/book_index_rebuild/images/page-513.jpg","data/work/book_index_rebuild","270575","bf1ebc429899884ef377661bf3b31c65e75a3cd8903d698fc30213b7a3180126"
"data/work/book_index_rebuild/images/page-514.jpg","data/work/book_index_rebuild","295538","a3a3258c6d56d8ce7f0ee29ebaa8bb88f9808ab9b1d2d6e11af81001bb342c2b"
"data/work/book_index_rebuild/images/page-515.jpg","data/work/book_index_rebuild","305220","1b3973a8a2a11a99ad28f02a6fa10c386ca25353f0b5106307126cf1f2935fc4"
"data/work/book_index_rebuild/images/page-516.jpg","data/work/book_index_rebuild","287540","8923a4ffe970eabc68b224611905929ec9d4f357b081729bb34e65d621d8d2fe"
"data/work/book_index_rebuild/images/page-517.jpg","data/work/book_index_rebuild","265002","18d225178d275cdbe048556b9995bb08ce17522155842b704873f67fbc2ac25b"
"data/work/book_index_rebuild/images/page-518.jpg","data/work/book_index_rebuild","305221","4c90facecf937cd1b89183f58659c57c55408cc2e48de27e91dd7b5d49e2a4c6"
"data/work/book_index_rebuild/images/page-519.jpg","data/work/book_index_rebuild","288387","cb6baf2f385b2c40b5c3c5b8ffab25a49624d6eb04c7a41edf7df69819a6fdd0"
"data/work/book_index_rebuild/images/page-520.jpg","data/work/book_index_rebuild","280565","90fc391b38e73d827f09ee46d174032e30d4e837bb8367ef0e14714720a0fbc7"
"data/work/book_index_rebuild/images/page-521.jpg","data/work/book_index_rebuild","263866","b6e254955ab5b3f1cb64437cd24e2d066f6aa8686c72f0df260c160fe58fa1a9"
"data/work/book_index_rebuild/images/page-522.jpg","data/work/book_index_rebuild","334786","ba525bd2286fccf701f2ef57b779a403d90cfcd64746e8f8d4817a536189124c"
"data/work/book_index_rebuild/images/page-523.jpg","data/work/book_index_rebuild","300961","c947efd8a67d907bc52197d0511852daf3ecf576e28a3c35dcadccf3d79db9a5"
"data/work/book_index_rebuild/images/page-524.jpg","data/work/book_index_rebuild","302840","123f8b0f3f2c8abdf6d6d306bf710bf23c2adc8323f4792b310008ea49f2c614"
"data/work/book_index_rebuild/images/page-525.jpg","data/work/book_index_rebuild","314231","d265cc092de5d511a8585848f30f8564f758b5acbc11c05b3195dcf136871fbf"
"data/work/book_index_rebuild/images/page-526.jpg","data/work/book_index_rebuild","292689","24912c10bf012101d8316cc7636622832fc468fff373c26c1f838fafdd082934"
"data/work/book_index_rebuild/images/page-527.jpg","data/work/book_index_rebuild","244155","2160edea519a4fcd10c704ff9316ca571b184ff314f993ccac1456bae208301e"
"data/work/book_index_rebuild/images/page-528.jpg","data/work/book_index_rebuild","258748","f19481eefc4e46b39eb367c41be91af00f8db733a885adbb83239fae75fd64ce"
"data/work/book_index_rebuild/images/page-529.jpg","data/work/book_index_rebuild","225028","64a62aa284062001bb53c0804802526e04ead140d546ba72ff91eb0075286255"
"data/work/book_index_rebuild/images/page-530.jpg","data/work/book_index_rebuild","231070","15303370bec16e6535d9cf9caa40a68e22defd65c81ab2cd2f7a19d741975d43"
"data/work/book_index_rebuild/images/page-531.jpg","data/work/book_index_rebuild","301493","621fcf865488c8ae09fbae445f45f6c81f7668348c01814c77958d1719acae3b"
"data/work/book_index_rebuild/images/page-532.jpg","data/work/book_index_rebuild","358942","094d2f30d3245626ddc63b201855347bdf4da60169fa23c988f945f684f14892"
"data/work/book_index_rebuild/images/page-533.jpg","data/work/book_index_rebuild","376061","663dade73ebe27808c882c26c98975fc3333f6ce66bf847ee6c207383a98016e"
"data/work/book_index_rebuild/images/page-534.jpg","data/work/book_index_rebuild","333364","f8a1e51320135e2fa0d41565dc48e12b068bad598abe8ce6ef6f711e88082feb"
"data/work/book_index_rebuild/images/page-535.jpg","data/work/book_index_rebuild","280261","3a28642e805591f37f9386e0fba5aaba67a9b26c0c534be01626c0dba9c51262"
"data/work/book_index_rebuild/images/page-536.jpg","data/work/book_index_rebuild","340848","6a9a9e5b70e119e9330898d0e4b2a46f503e366556ebdf13e9d169400b469760"
"data/work/book_index_rebuild/images/page-537.jpg","data/work/book_index_rebuild","148740","51ab0665af0a8e04a3ee5e0dec32d51baef86693f5b781452552308c2eef8ca3"
"data/work/book_index_rebuild/images/page-538.jpg","data/work/book_index_rebuild","289539","ec638f389dd79a1175d64b71bd89067ce46526aeae0ecea4ef53d5634e6c2a06"
"data/work/book_index_rebuild/images/page-539.jpg","data/work/book_index_rebuild","266012","9fee0e39d3b9e2152ecebe1422642185a779e69daac5887651ca4461eb53b90b"
"data/work/book_index_rebuild/images/page-540.jpg","data/work/book_index_rebuild","282953","4091ddd932aa32bbf2dd7dff0b51eb7a95214aed8db33732e0665acf830efb40"
"data/work/book_index_rebuild/images/page-541.jpg","data/work/book_index_rebuild","273332","b53bcb59df0935ef768447ac0887699f44ba176890cc7f311dac600b41388432"
"data/work/book_index_rebuild/images/page-542.jpg","data/work/book_index_rebuild","269644","f99e84f27dcf1c12763a5cb3b30029bb71a9b6943953df45af728c6a58da216c"
"data/work/book_index_rebuild/images/page-543.jpg","data/work/book_index_rebuild","264527","1f7f736a8383489a1c7406d47307f56a2ffdc1a26f861070749ab2042a85a6fd"
"data/work/book_index_rebuild/images/page-544.jpg","data/work/book_index_rebuild","269328","e4591922bdd54ad69bddbd0aa2602cd6806e04203bbddf075d773d620faa4a59"
"data/work/book_index_rebuild/images/page-545.jpg","data/work/book_index_rebuild","244990","ad5d69b780020b32348594b86ae1e0cee1384b61a1f36e0a464dad4e256a7ef4"
"data/work/book_index_rebuild/images/page-546.jpg","data/work/book_index_rebuild","266082","6c2ffe889fb51245b59980659d2a868c6330f67f059700101b3ed4461333e247"
"data/work/book_index_rebuild/images/page-547.jpg","data/work/book_index_rebuild","197157","33878471db1c967b55086a091619dd2c55e94e0d9591ee20f6b19c17570f21c3"
"data/work/book_index_rebuild/images/page-548.jpg","data/work/book_index_rebuild","316736","3bb03cc8da41c8a09ff246e83823afa78fe469fa08d1aa55d7993201213a07cc"
"data/work/book_index_rebuild/images/page-549.jpg","data/work/book_index_rebuild","159925","ec56ff48a3858981e5acd8deb6ddf0592f85587c505c054f9a4ac6b96912b12a"
"data/work/book_index_rebuild/images/page-550.jpg","data/work/book_index_rebuild","138065","025620065cb93409c3ed3efcf246b28c6c0b7e0b88ca8bef57ff2ebed3090027"
"data/work/book_index_rebuild/images/page-551.jpg","data/work/book_index_rebuild","167978","8fef243e6a4240103a05810158fae91f2d9742330e0ecc4c1ea542b7efb4e84b"
"data/work/book_index_rebuild/images/page-552.jpg","data/work/book_index_rebuild","329602","78304cc00ba7150418a2196a1b2285cad53203d464a048f369f37d443d5cc581"
"data/work/book_index_rebuild/images/page-553.jpg","data/work/book_index_rebuild","184086","80dcfd605ef33207312ecd663f4ff3be2998424f2756862a8748b64ac351f423"
"data/work/book_index_rebuild/images/page-554.jpg","data/work/book_index_rebuild","158406","76acb38e712726e7921e987510a660c355f935f741e0d5c93dca54737c4450f5"
"data/work/book_index_rebuild/images/page-555.jpg","data/work/book_index_rebuild","184614","901d7da64ed34473e981f1bfacc6124a0ccfb47c972839610d82bdc057ee574a"
"data/work/book_index_rebuild/images/page-556.jpg","data/work/book_index_rebuild","248156","fbdc477ab8795775155dbeed19170ed65026dfda8dd66db616a0a9e0f356a3fc"
"data/work/book_index_rebuild/images/page-557.jpg","data/work/book_index_rebuild","283646","d1be0ba3c7b3795f66935f6f0822bd74133fd18dd7f965a461fa7a30b9f2179a"
"data/work/book_index_rebuild/images/page-558.jpg","data/work/book_index_rebuild","269774","425959f91f73b914c13849f533e383924865cdb94f689ff7bd0374cfd395f5bf"
"data/work/book_index_rebuild/images/page-559.jpg","data/work/book_index_rebuild","273270","879f68be86d2d7ea0148722cbad55681b0e38c4219fea3c92d046a8539f59b05"
"data/work/book_index_rebuild/images/page-560.jpg","data/work/book_index_rebuild","276470","868304ed1c2bb7e287b888d223408a69050c85f39ea0b8d6c019708bdecfd73a"
"data/work/book_index_rebuild/images/page-561.jpg","data/work/book_index_rebuild","279574","dbf2838bae635f6e0342d3b0ffb5428c412e42244226c09263899ecf433fdb24"
"data/work/book_index_rebuild/images/page-562.jpg","data/work/book_index_rebuild","272409","495e1ce8f93bd50af4a2d5f95403467bafb7780b2b4a127452bfa698096a08b1"
"data/work/book_index_rebuild/images/page-563.jpg","data/work/book_index_rebuild","282609","0cd8167553a5df56962408f7af561003560ea6445f54d84926ad5647a688b65d"
"data/work/book_index_rebuild/images/page-564.jpg","data/work/book_index_rebuild","279976","646292cbd6212ab7875b5ea79d0097eb96e480e48fb7fa813a5ab31811be121c"
"data/work/book_index_rebuild/images/page-565.jpg","data/work/book_index_rebuild","269656","84b7bcef75da4dafba7b82a6c31c66e8c2f21efed889ffd1c4162244723dc3ed"
"data/work/book_index_rebuild/images/page-566.jpg","data/work/book_index_rebuild","282914","3cac506e75e64afa28053e27d21f684e846b927a0bdad6a9b2ef1f6373bad44a"
"data/work/book_index_rebuild/images/page-567.jpg","data/work/book_index_rebuild","272461","4c5e34c5f4b65b933f59c0751dc95f5295438d1fb19a32fe07e938d950efaf32"
"data/work/book_index_rebuild/images/page-568.jpg","data/work/book_index_rebuild","283747","2012b2d8701b3850a85ba090bc0a73a19a52cdf3aaea5c32f824fc1122d4ee7c"
"data/work/book_index_rebuild/images/page-569.jpg","data/work/book_index_rebuild","270492","a5aea5379f53b9dd3f720ea0588d3bded7efc283424e3ecce4ae5c9e2c36db04"
"data/work/book_index_rebuild/images/page-570.jpg","data/work/book_index_rebuild","286421","5c0ff21124acb9298f1313baf3f131e141dba851d037e48fdcffd642e46e5534"
"data/work/book_index_rebuild/images/page-571.jpg","data/work/book_index_rebuild","275030","28f33c55702dd28c59b57d55553d513eda00253cc47c3a6b61f3ac8484b558e4"
"data/work/book_index_rebuild/images/page-572.jpg","data/work/book_index_rebuild","266662","b756be230a0dad3714328d4a0c29757a4e771c49292347fab08f1dfca9208f62"
"data/work/book_index_rebuild/images/page-573.jpg","data/work/book_index_rebuild","118267","d885d075b8240c702352cf6faec4a359e4c0840b53bfa90441754538446788ac"
"data/work/book_index_rebuild/images/page-574.jpg","data/work/book_index_rebuild","330221","b8302e521fc8e942b517f043fa9a6218016a52ccadd1b54fe53b04ddd89cea0f"
"data/work/book_index_rebuild/images/page-575.jpg","data/work/book_index_rebuild","256846","ddfde01fe9d1d92c057d7685f134a913d544029f5dc83c5f417036820016fbff"
"data/work/book_index_rebuild/images/page-576.jpg","data/work/book_index_rebuild","295698","0f79e940567f68d11f8123857904fe154257c67957018afa0e6e1536c8dca9e6"
"data/work/book_index_rebuild/images/page-577.jpg","data/work/book_index_rebuild","270766","f1acfe4d50ebf5125c6088e50bb7ad02c1fd451217a56357810f080ba1d25b04"
"data/work/book_index_rebuild/images/page-578.jpg","data/work/book_index_rebuild","173204","7af77ff711cf9cbc805f12d4765f61797e344732d17f6f871d2eba4149973790"
"data/work/book_index_rebuild/images/page-579.jpg","data/work/book_index_rebuild","347674","622f341f902230ce85bcd3dd7db2c46fac925a0faf2f6cc062a378197258d05b"
"data/work/book_index_rebuild/images/page-580.jpg","data/work/book_index_rebuild","286467","8b6fd618ae2dfb422dd08686db3840333f8ae8dd4af1f748c133e79c1b348ca3"
"data/work/book_index_rebuild/images/page-581.jpg","data/work/book_index_rebuild","235245","404b96b425f3e965b77b604da2746dc20ab1e8b637de64433cf357646a38948e"
"data/work/book_index_rebuild/images/page-582.jpg","data/work/book_index_rebuild","267722","7acef26ca4eda00ccbf3a6fb3eb2ac832d6bae1b460b8da65677280a71ad58df"
"data/work/book_index_rebuild/images/page-583.jpg","data/work/book_index_rebuild","282077","3d128ff1b3eec7b0a36b79b798962da985fc00f5dd88560a35fa97de40fd5c52"
"data/work/book_index_rebuild/images/page-584.jpg","data/work/book_index_rebuild","304146","2f1cbc67aefb054d4e4d4b2d5ca6ee1359f49490756afa933fa4f1d9f17bc6f1"
"data/work/book_index_rebuild/images/page-585.jpg","data/work/book_index_rebuild","355598","d0fcb324c65f2f6fe8b73f32769c600dac59a446834ee5eb1f1dd5f5851d0e03"
"data/work/book_index_rebuild/images/page-586.jpg","data/work/book_index_rebuild","308577","0f2165c451b2906710cd92481f992daf5bdcf077924e803f00e746e2973ea3a8"
"data/work/book_index_rebuild/images/page-587.jpg","data/work/book_index_rebuild","300132","54feeec5975739dd022f3ca6302f808cced00c0f3982befdd2807fec2a1fcf55"
"data/work/book_index_rebuild/images/page-588.jpg","data/work/book_index_rebuild","256746","26b5cfdd797519b6fba300e110263002fb6662f5a7f4d606de317bd39d0194c1"
"data/work/book_index_rebuild/images/page-589.jpg","data/work/book_index_rebuild","269896","d79656790b5fa243f84b5603d12d0f3b2a114ad12445b6d8f736639d92f58a57"
"data/work/book_index_rebuild/images/page-590.jpg","data/work/book_index_rebuild","268008","d75f11a623bbf9cb1958df8489883bc7fb18f4be3b956294bf6f91144205d74d"
"data/work/book_index_rebuild/images/page-591.jpg","data/work/book_index_rebuild","264466","f509ad631be998b67d83781c93206f1805cfc39099734afcde43f0efabd124a1"
"data/work/book_index_rebuild/images/page-592.jpg","data/work/book_index_rebuild","355041","a0e0e6be66f75cb87d4c7d9a32db2c0a1884e562d6e3c759ee6c6ab69e2a353f"
"data/work/book_index_rebuild/images/page-593.jpg","data/work/book_index_rebuild","388857","b0d5762a1f47807a0d7aa5c523d0e08d6188f584b411c011d64180ab30d09eb3"
"data/work/book_index_rebuild/images/page-594.jpg","data/work/book_index_rebuild","255669","234a8765c897dfd2404a2f984d6b54f49545fcadb794462e96d26566e208663f"
"data/work/book_index_rebuild/images/page-595.jpg","data/work/book_index_rebuild","273237","1fa55c820074bdc392b0ec8431bb87c432d3c854af5c4b0b499fd548209f99db"
"data/work/book_index_rebuild/images/page-596.jpg","data/work/book_index_rebuild","263917","9231187c187f74b35bdfc26c56b6bc2d4683a1bb8decab23350507dab5b1f6c1"
"data/work/book_index_rebuild/images/page-597.jpg","data/work/book_index_rebuild","281973","7e176527072f1a0c2bf6146281ebaf2be7f0957294444bc53d971b708bad7a0a"
"data/work/book_index_rebuild/images/page-598.jpg","data/work/book_index_rebuild","274508","49791ee082bfc68219bfcd68f7f722e8215230f3e2d716a4eb0b6732b42911f0"
"data/work/book_index_rebuild/images/page-599.jpg","data/work/book_index_rebuild","285361","9e9c71924970e495f7e89c7f518ad6593a8b507b120d3ff9a27a2b4180e5434d"
"data/work/book_index_rebuild/images/page-600.jpg","data/work/book_index_rebuild","133603","860bb944af57cca93fb3f3983d2f883d8001006577b119e2cad2afb2602cc01a"
"data/work/book_index_rebuild/images/page-601.jpg","data/work/book_index_rebuild","119811","b8b359c38c86550f703cab665d0f67f058d9e73c0c2275553baa023a0508f015"
"data/work/book_index_rebuild/images/page-602.jpg","data/work/book_index_rebuild","225922","aa9345c04908cfe709ca9ba3ecc2e6a4d2a22567197498c7ad5b59de3561bfc8"
"data/work/book_index_rebuild/images/page-603.jpg","data/work/book_index_rebuild","318772","1233efd1daf78c2912562fa27d0b62fb034fc92121eaa3b3cad211afa943c5a7"
"data/work/book_index_rebuild/images/page-604.jpg","data/work/book_index_rebuild","236377","1ae2316883ba6a415d9aabe683234b88a9a1c5697d9dffe31a70e485b309b59b"
"data/work/book_index_rebuild/images/page-605.jpg","data/work/book_index_rebuild","308701","4e88671f77a3f62e8559cac6b4c4f4ffc893a50a1b8ac399db2b0c6bc840050a"
"data/work/book_index_rebuild/images/page-606.jpg","data/work/book_index_rebuild","255847","19db7e4068259b84e11c0d4addb4d1546101f99ec1c3ddb9b423e0c4c044b93e"
"data/work/book_index_rebuild/images/page-607.jpg","data/work/book_index_rebuild","219660","e893a8ddd8f6d268797ef1c844a9b278e195ff9e0cd338a25817f689281f3ad0"
"data/work/book_index_rebuild/images/page-608.jpg","data/work/book_index_rebuild","278612","84a5bd08d67385ab520eacaec0f3b6a2d18ae17378900b41911f9498477e451c"
"data/work/book_index_rebuild/images/page-609.jpg","data/work/book_index_rebuild","232323","4d6e0db8db008a789b3fe440684075329b983f3a384aa82e3e2fded93458a31d"
"data/work/book_index_rebuild/images/page-610.jpg","data/work/book_index_rebuild","196557","4941255fce289ce98716bd0fc617f6c31fec80d7fe55dcbbef68d8c9de444fd7"
"data/work/book_index_rebuild/images/page-611.jpg","data/work/book_index_rebuild","219834","d4bb957d9e95b2a06d520d4fbaed6a0be6415afcce59849f42b54f093614c7dc"
"data/work/book_index_rebuild/images/page-612.jpg","data/work/book_index_rebuild","226918","3086638e5cf6888e849408b67814a7d39d915e4987b29e85fe3e3aa57abc88c2"
"data/work/book_index_rebuild/images/page-613.jpg","data/work/book_index_rebuild","262000","d3759aa2f6d29b4aae7c8ae87faf9a061fc6a2b30dfab0d63be1f1ac8d967920"
"data/work/book_index_rebuild/images/page-614.jpg","data/work/book_index_rebuild","287285","f17c3c2e492596e1ab80aaed581b3d38e11974b81836998fbf6e4147385777c7"
"data/work/book_index_rebuild/images/page-615.jpg","data/work/book_index_rebuild","226774","55378d6b53f4aa7df2eea4630910ca55eebdbf3768abe35f79d1a568d1098b91"
"data/work/book_index_rebuild/images/page-616.jpg","data/work/book_index_rebuild","164848","488396a3810a12c1fc4ba555084a5c7ede7735d0d21ba51cff52eb1a923f0395"
"data/work/book_index_rebuild/images/page-617.jpg","data/work/book_index_rebuild","158937","98b854f65f5478004bca6e9e60e80afb732116281478272731d7383cf3116f82"
"data/work/book_index_rebuild/images/page-618.jpg","data/work/book_index_rebuild","189638","da3b8cf40b81aa618e57081bc817d035cf609da9f8492d73eb5008e66e389375"
"data/work/book_index_rebuild/images/page-619.jpg","data/work/book_index_rebuild","168353","da5a930bf1f1b6aa51fa99d26a4ba52c46883f023c2b174f7ee776133948e65a"
"data/work/book_index_rebuild/images/page-620.jpg","data/work/book_index_rebuild","214034","307db9939c89eaa51e032b584cea52c3ab5a8d2975fa95d7340d716de9d87a87"
"data/work/book_index_rebuild/images/page-621.jpg","data/work/book_index_rebuild","153882","ca45944b42538a8bb99cd4675d2f186cb999f419aef90121a9851b98a9e6b6c6"
"data/work/book_index_rebuild/images/page-622.jpg","data/work/book_index_rebuild","165051","c51fa3b6dcc2b8dfb0584cc95a632f424c26d7553126e8566bfa04b87318d4cb"
"data/work/book_index_rebuild/images/page-623.jpg","data/work/book_index_rebuild","90267","3b9cf140c3bbd719046dd7d3fb70f4ea6f2d31ea3bf0ce25b0f9214e91c76cd7"
"data/work/book_index_rebuild/images/page-624.jpg","data/work/book_index_rebuild","112614","6b17461ac7291fce05b72ef19d68ff676f692c663d69ec284afee70ef174b682"
"data/work/book_index_rebuild/images/page-625.jpg","data/work/book_index_rebuild","128307","39fa8b8a0c453825b5e3a126ebfc32f35a3a2258191fd87124c6f1ec3269c2b0"
"data/work/book_index_rebuild/images/page-626.jpg","data/work/book_index_rebuild","128315","9088563269c8105fba7048c2a61de3af91beb98227e02eb39770e7506ff8ac93"
"data/work/book_index_rebuild/images/page-627.jpg","data/work/book_index_rebuild","135516","0141ce5a7e496cb739046dacc4495965dc07718328a6575e8f5e9d84d17b1e74"
"data/work/book_index_rebuild/images/page-628.jpg","data/work/book_index_rebuild","124148","1dfe0ee54a04ae474134c581de11626ef31b02f7e61d2ac2cf27445df8d9cbb6"
"data/work/book_index_rebuild/images/page-629.jpg","data/work/book_index_rebuild","125614","295fe0e80ad957221ea2f10b6afd6aa0d3f01f542f4236e41bee93b02f0e2511"
"data/work/book_index_rebuild/images/page-630.jpg","data/work/book_index_rebuild","130617","b9ed8cd87470cde860d5fd568b369db8c2657930ad68dbac8b427218ca8afb1b"
"data/work/book_index_rebuild/images/page-631.jpg","data/work/book_index_rebuild","95825","8aad557e2a0ff1c0881717699b8fe00f73eb8c8f0d7bf1810f30d61fa12c7aea"
"data/work/book_index_rebuild/images/page-632.jpg","data/work/book_index_rebuild","143204","d3f84d62e2ebcfe562825735e18fc5bf81b623c08feb077dc58678a888ec9b8b"
"data/work/book_index_rebuild/images/page-633.jpg","data/work/book_index_rebuild","112083","b627d3f7605251cf78b4fec9219e870f8095179502d372c547c11a3b1de67a85"
"data/work/book_index_rebuild/images/page-634.jpg","data/work/book_index_rebuild","125727","51f1c035fcb16b1fc0c8671303f8934bb03d4abf279515fcd87ca7895b8a952a"
"data/work/book_index_rebuild/images/page-635.jpg","data/work/book_index_rebuild","123010","6a8e28f8eb6d44944ea29c11194ddac114740ba3db5189d1bfa4f2f955cdf676"
"data/work/book_index_rebuild/images/page-636.jpg","data/work/book_index_rebuild","107819","761a50dd5a23543ebd4435dfcc8cf054275f2af4a413d7381e889b9dcc294d1f"
"data/work/book_index_rebuild/images/page-637.jpg","data/work/book_index_rebuild","128133","c46b0370ae061ae6537ac7961ced355d6a3a6bccda96de2b42527fddd2857fc1"
"data/work/book_index_rebuild/images/page-638.jpg","data/work/book_index_rebuild","134134","ed5b43fae25eb554c4cd4678dd14ad84c59dd3c7fa4573a92b81b62493ae6f0b"
"data/work/book_index_rebuild/images/page-639.jpg","data/work/book_index_rebuild","72001","a72656388a0adba31abd31eda6dfa97f0e912e8adb7ca9363ac55a4d818f11e3"
"data/work/book_index_rebuild/images/page-640.jpg","data/work/book_index_rebuild","17564","9301991574f862b03653201867d864953f56883feca36515b20db73675716148"
"data/work/book_index_rebuild/ocr_pages/page-0001.json","data/work/book_index_rebuild","744","74b6782048e50de15a66731266fe7825ac2247748ed2f1d3e61f6c76a9f6b189"
"data/work/book_index_rebuild/ocr_pages/page-0002.json","data/work/book_index_rebuild","1574","a8a2407b9bd22eac3ff04699bedf51338e1e1fb1435f35f71914dd4c8e66795f"
"data/work/book_index_rebuild/ocr_pages/page-0003.json","data/work/book_index_rebuild","608","601bb2ff6816c1044a90667ea2bae4a56c839d47ee81a8b231ec95a9c9ef49bf"
"data/work/book_index_rebuild/ocr_pages/page-0004.json","data/work/book_index_rebuild","3777","3eeac3aeb81c3cc078281b4f251d822df7e800c0533da01dc294d274980fb169"
"data/work/book_index_rebuild/ocr_pages/page-0005.json","data/work/book_index_rebuild","2745","64e2b2f3e8410399a308d47fce58d9ffe04cf2b5e041c1f51fae8c0b42036e31"
"data/work/book_index_rebuild/ocr_pages/page-0006.json","data/work/book_index_rebuild","2448","3cd524888c0513754268b909b4cbf0adc02de8bec96495b134279af0a500f520"
"data/work/book_index_rebuild/ocr_pages/page-0007.json","data/work/book_index_rebuild","2261","535f9a71645a19ecef6d1f450adfd8f1bb5962c3688ca746c379acdfa95061d5"
"data/work/book_index_rebuild/ocr_pages/page-0008.json","data/work/book_index_rebuild","4766","bd7356c0a20071cff7dcf03eb5a22cb88f65d688989ac58414b94fbd11f90c45"
"data/work/book_index_rebuild/ocr_pages/page-0009.json","data/work/book_index_rebuild","6061","a13c6a97b3da59b9fbcab71aa1f5ee09c49e0739adf9ba5926d4b33955426fe1"
"data/work/book_index_rebuild/ocr_pages/page-0010.json","data/work/book_index_rebuild","5215","1c64cfc8d9465a2dbf5a6caa8c9685ac3e364e7ba833c3d5a423641d70148521"
"data/work/book_index_rebuild/ocr_pages/page-0011.json","data/work/book_index_rebuild","5325","540998c90921519b0b4528b7116b01403f8fce2ca43acd9662a7566343bb2df0"
"data/work/book_index_rebuild/ocr_pages/page-0012.json","data/work/book_index_rebuild","508","54b25ebfce73810895db6301ad0cf39768de75eb27dd9c655e0ae924b39bab90"
"data/work/book_index_rebuild/ocr_pages/page-0013.json","data/work/book_index_rebuild","5374","8088c72fd50ad1fcf7023c3707a39fadad46ee6964d12adae86481bf7b0a2945"
"data/work/book_index_rebuild/ocr_pages/page-0014.json","data/work/book_index_rebuild","6145","f732b20448acae4c9024ceb5704cf4864801c6e82e816da8482d41db86a473cc"
"data/work/book_index_rebuild/ocr_pages/page-0015.json","data/work/book_index_rebuild","6057","11a2d375bdb6969753fde62a283acf98f061c82cce5a6346571d99b0afdafe70"
"data/work/book_index_rebuild/ocr_pages/page-0016.json","data/work/book_index_rebuild","7242","f92d8b0661d1f8984786f43618b0674025e1313eb12bcbcf7e7e3b6357b49aa8"
"data/work/book_index_rebuild/ocr_pages/page-0017.json","data/work/book_index_rebuild","3942","ef610ae36cd96879cc8a9c42444a67f5a920f00bf57c5c7b954663205eba93e7"
"data/work/book_index_rebuild/ocr_pages/page-0018.json","data/work/book_index_rebuild","1995","ffe38a73cddadf844084947181c090882d0e33c580e01c7c19921619f4febc5d"
"data/work/book_index_rebuild/ocr_pages/page-0019.json","data/work/book_index_rebuild","5371","8183472af02062b60f175242014e3d44d344841f1c4bce17b2819035c0ca21aa"
"data/work/book_index_rebuild/ocr_pages/page-0020.json","data/work/book_index_rebuild","7399","d1ed9261fe6e16fec8d27f04893a05056d139c385861bcede2324ace0b943327"
"data/work/book_index_rebuild/ocr_pages/page-0021.json","data/work/book_index_rebuild","7848","cef4c716e969c45cff6a2dd2660938bf6faf812d8d75fe58d0007c7aceb02109"
"data/work/book_index_rebuild/ocr_pages/page-0022.json","data/work/book_index_rebuild","3670","7e6cc6069df2357dedc9a81b72115b13c06d41d1ab25dca1829914dd0951730a"
"data/work/book_index_rebuild/ocr_pages/page-0023.json","data/work/book_index_rebuild","6619","c10db1a034b65269808dff0775c74c2d2d6c5473b444b34127d318f9a2cd6a70"
"data/work/book_index_rebuild/ocr_pages/page-0024.json","data/work/book_index_rebuild","8544","0ef5bab62e14222676745581219f550939732ce1b65178732fca1159aae3191c"
"data/work/book_index_rebuild/ocr_pages/page-0025.json","data/work/book_index_rebuild","5487","a34e1ba26f89769490cfe58c5cf62fd1b92edf8233a07dc2f36d92c82dda3aa5"
"data/work/book_index_rebuild/ocr_pages/page-0026.json","data/work/book_index_rebuild","4662","f7dfa5dbd6fc840e20d29218282b05b56a3b6393f16e5065ce76b18eebd0e3c9"
"data/work/book_index_rebuild/ocr_pages/page-0027.json","data/work/book_index_rebuild","6047","b18fde49a12378070a013027bad3af1a961334ce8471282e7eb045614b00848f"
"data/work/book_index_rebuild/ocr_pages/page-0028.json","data/work/book_index_rebuild","5818","c4713586a20d7224d09dca794f012f6d6c45294f53270b59f795f00b7f883b32"
"data/work/book_index_rebuild/ocr_pages/page-0029.json","data/work/book_index_rebuild","6164","9988385ab5bcd6ebeb9e7a13a09c8a647ff2c2811ce094afe4792be110ebdc1f"
"data/work/book_index_rebuild/ocr_pages/page-0030.json","data/work/book_index_rebuild","6679","6850b0151c2e74f093deb116b4a4faccb3fd84df9eddf3f146d7562d393a0eef"
"data/work/book_index_rebuild/ocr_pages/page-0031.json","data/work/book_index_rebuild","4997","d9e768b6c41704c986c344f3d4e455c64f7354e0938b8113929b5f03436424ca"
"data/work/book_index_rebuild/ocr_pages/page-0032.json","data/work/book_index_rebuild","6186","13699e82bf64e90dd7d5e9b2e4dd61fe444d917e4122f9997d95480166ebb96f"
"data/work/book_index_rebuild/ocr_pages/page-0033.json","data/work/book_index_rebuild","6661","b2fd9488c014847a8afeca52cf3309af8471b4ffb4117412f0539b14ffccbee3"
"data/work/book_index_rebuild/ocr_pages/page-0034.json","data/work/book_index_rebuild","6103","331057ecc3c6a2e609c9fad8e2dc6513b332bf02e8e43172ca59e8a956b0716b"
"data/work/book_index_rebuild/ocr_pages/page-0035.json","data/work/book_index_rebuild","3446","aeb03b270889b5a4f6e2d1b41e021863f7eb32d6cd1345015f52c4f06ad2c88b"
"data/work/book_index_rebuild/ocr_pages/page-0036.json","data/work/book_index_rebuild","673","1a52b096d728afcf328119807d88756d77b72b6f45771f5112a0ddaf0024b58f"
"data/work/book_index_rebuild/ocr_pages/page-0037.json","data/work/book_index_rebuild","6882","890083f357fe9c8f9e10d0a4f1309c81f2cb0709fd04b7d69c3ab5b5f4313cfb"
"data/work/book_index_rebuild/ocr_pages/page-0038.json","data/work/book_index_rebuild","9872","838e59c3aa16156611a88be09fe08c1a9b3c3bcb1b26cc846dc26e86463a49a6"
"data/work/book_index_rebuild/ocr_pages/page-0039.json","data/work/book_index_rebuild","7661","b16fe7bbd71c457b85a2aa35ef1312f3ee631cf827b3958c48c75c9a70312689"
"data/work/book_index_rebuild/ocr_pages/page-0040.json","data/work/book_index_rebuild","5733","a8214b7d6d2e6039282211ac2701e523c779a432595e924d1261e365ac099975"
"data/work/book_index_rebuild/ocr_pages/page-0041.json","data/work/book_index_rebuild","5954","5e034ffbc0ebf2bef5e8128d72c3e45229e41b3284eb20e5c753d17f8e39b4ed"
"data/work/book_index_rebuild/ocr_pages/page-0042.json","data/work/book_index_rebuild","5608","03a050e3922c23aef112f4347ee6469bb60b65318682f36bc0c675e1d35dec6f"
"data/work/book_index_rebuild/ocr_pages/page-0043.json","data/work/book_index_rebuild","5663","adaafb2cba48e91a50dbb85000d061b416d1dfaf7b08e686089b20b6c1952428"
"data/work/book_index_rebuild/ocr_pages/page-0044.json","data/work/book_index_rebuild","5533","8c6fa89aed7bf9bc73e1418a006dbcdd3c312a1879b02f31e8b9e5dbc6205c3c"
"data/work/book_index_rebuild/ocr_pages/page-0045.json","data/work/book_index_rebuild","5238","489597b18816d59313f2c0fa1683152bed5171bd88aa6ecf73855e7c6b7d552f"
"data/work/book_index_rebuild/ocr_pages/page-0046.json","data/work/book_index_rebuild","5762","90b42bd0f2972b2e9bb9e07d2dd590d0608a90dd9d655daa8f33a7a5ccb443d5"
"data/work/book_index_rebuild/ocr_pages/page-0047.json","data/work/book_index_rebuild","5818","86d367460d1cfe4cbcbbbfc0fcdeb049fcf1c2d7556199c18ebc4068b4d58c21"
"data/work/book_index_rebuild/ocr_pages/page-0048.json","data/work/book_index_rebuild","5936","c49024769b074ad120f705ea9b451ed33a23e6cfce05ad5f1253c1550910e727"
"data/work/book_index_rebuild/ocr_pages/page-0049.json","data/work/book_index_rebuild","5393","b2eb9dbe004ba82fe27957cfd44e9fef163292ea941ad876415455759a99b134"
"data/work/book_index_rebuild/ocr_pages/page-0050.json","data/work/book_index_rebuild","5573","9af21a9ac701e72e5b5efcd5112c44c19d7a73a191f984dad1cac8bb85268ed1"
"data/work/book_index_rebuild/ocr_pages/page-0051.json","data/work/book_index_rebuild","4969","ea35ad3b61597832be446ed223f2afb92c0bf2d950cbfe346ca848427bf930a2"
"data/work/book_index_rebuild/ocr_pages/page-0052.json","data/work/book_index_rebuild","5240","23d4e350b4a615db717d9738f415d0593e84cee999bc17cae048d8a81ce517e3"
"data/work/book_index_rebuild/ocr_pages/page-0053.json","data/work/book_index_rebuild","7003","88ad4edb0ee64450b2372057c1ecf08aae6f2921c5eed73315a5703722853776"
"data/work/book_index_rebuild/ocr_pages/page-0054.json","data/work/book_index_rebuild","5563","0c093f0327b06b7935ab17ea88565f3de6976b0b18f1982de3bd2e24751a7073"
"data/work/book_index_rebuild/ocr_pages/page-0055.json","data/work/book_index_rebuild","4828","601c560397fad51783f68c009f2b2e6aa50a44fd77fa15af1bae16abdeb10a10"
"data/work/book_index_rebuild/ocr_pages/page-0056.json","data/work/book_index_rebuild","5439","2455d71721cf09ab9932474c57241215ec413f375f6fa8f748abed4e85d00181"
"data/work/book_index_rebuild/ocr_pages/page-0057.json","data/work/book_index_rebuild","5354","f60cd4a066af07ada721de9fb8a69cbea76a1435c1d7e72142c6f451758aa972"
"data/work/book_index_rebuild/ocr_pages/page-0058.json","data/work/book_index_rebuild","8065","1d1073b20c17867bfdd5e960830809fae29387553b560f6a39a21170e47f08c4"
"data/work/book_index_rebuild/ocr_pages/page-0059.json","data/work/book_index_rebuild","6985","a88f2c74dc6dc0ca4db75f977bd73d2c4386231ce643f586260a9268c6c6b515"
"data/work/book_index_rebuild/ocr_pages/page-0060.json","data/work/book_index_rebuild","5910","abeea965e1d701940d9b48f197e95f335859eae52724b0fea4901a74199cd1b8"
"data/work/book_index_rebuild/ocr_pages/page-0061.json","data/work/book_index_rebuild","5950","3d1e10675df7fdd17e119c50c81986b14198f11e373884a033cfeb82f0bf8e3b"
"data/work/book_index_rebuild/ocr_pages/page-0062.json","data/work/book_index_rebuild","5229","1159c3e5d6bd7cca80b2444ba256d580c3c74a9066c7556d63fa481eb25e73f3"
"data/work/book_index_rebuild/ocr_pages/page-0063.json","data/work/book_index_rebuild","6722","30928ec1984af3b41c32c0c57ee001a6625b56de664e7eae90265b1e972ddb8e"
"data/work/book_index_rebuild/ocr_pages/page-0064.json","data/work/book_index_rebuild","6270","0f2afdc2a6bcdf388502ae3448075483575c86b1c01d36a130d9a3a6bb60af21"
"data/work/book_index_rebuild/ocr_pages/page-0065.json","data/work/book_index_rebuild","6358","05503b684eac812faeee782857fa06d49bd8dd71b2eb51d4dede8d71d04ba0fc"
"data/work/book_index_rebuild/ocr_pages/page-0066.json","data/work/book_index_rebuild","6524","1dd16e54f34506362d58f1b2767a33713cc8e3e8783ab993f8bc64ebfd44147e"
"data/work/book_index_rebuild/ocr_pages/page-0067.json","data/work/book_index_rebuild","6221","61a8d8b52354c03b7984a6451d9a56942204fddd607514c9c7355ffe75e387ed"
"data/work/book_index_rebuild/ocr_pages/page-0068.json","data/work/book_index_rebuild","6417","b70a63dd0c8cee136e8521cdcaf39826dcf9b256ac5f5e147543f5ede757fd0a"
"data/work/book_index_rebuild/ocr_pages/page-0069.json","data/work/book_index_rebuild","6303","37ac36c8725dd8876e2abb0b22057d909e746a28d53e0f371930608b9fc0c2ac"
"data/work/book_index_rebuild/ocr_pages/page-0070.json","data/work/book_index_rebuild","6115","32ba824367f495436b4c8fc59f34d7dc8d3ae58c6b316170b07b6bcda99f5661"
"data/work/book_index_rebuild/ocr_pages/page-0071.json","data/work/book_index_rebuild","6668","ccd6124e4ac0f49a5746785b6804b96f3a0277d025778bb1f2c931440240fe25"
"data/work/book_index_rebuild/ocr_pages/page-0072.json","data/work/book_index_rebuild","6489","eb1cbf50365e963b6cb116d18e0aca4907ea92a51c97f7d0ca77d26d3237a9fd"
"data/work/book_index_rebuild/ocr_pages/page-0073.json","data/work/book_index_rebuild","6427","418699ece98baea54c66fed432fe9293e1c9f706d3dbffb1f69a9f5ddcb3a61f"
"data/work/book_index_rebuild/ocr_pages/page-0074.json","data/work/book_index_rebuild","670","1c51a652495c0447d55839a5a2ccb3cb5b63548137e5b2c7084f4636ddb07bb5"
"data/work/book_index_rebuild/ocr_pages/page-0075.json","data/work/book_index_rebuild","5726","d52e431584c37809d97c71077b64c17d6d6195bf60c3dfc160d92ab0c29b8a24"
"data/work/book_index_rebuild/ocr_pages/page-0076.json","data/work/book_index_rebuild","12388","503ad2e875c71bc10633f8682450cdc300ff57dd3dc3efc1c80e738198c2b175"
"data/work/book_index_rebuild/ocr_pages/page-0077.json","data/work/book_index_rebuild","6129","112da8aef976b6ae9cb3f1e45bb691fb8147e4867c8fa509e75b628f9f25c591"
"data/work/book_index_rebuild/ocr_pages/page-0078.json","data/work/book_index_rebuild","5375","af249ccbf7fcd0f7b7e3bdd31964d7dda529ffe17a8c3b8cb06a0ff4d8a28390"
"data/work/book_index_rebuild/ocr_pages/page-0079.json","data/work/book_index_rebuild","6037","6a08cfa1abcfc1c162689180ea390a0ca539e0845afda3ca17de313bc002b65e"
"data/work/book_index_rebuild/ocr_pages/page-0080.json","data/work/book_index_rebuild","6042","76ee65329925b4c663f3e1b85aaec3d8592c4069efe174bc909716fb5f38fc78"
"data/work/book_index_rebuild/ocr_pages/page-0081.json","data/work/book_index_rebuild","5689","2e3eeb673cb0224728282105d594480545c62bacb45c7e1fad73380e1ccf7760"
"data/work/book_index_rebuild/ocr_pages/page-0082.json","data/work/book_index_rebuild","5439","08cb4ab712145a3be4a62777d5a5421a4bf3f7fc1d13533ee14e7a2e4ac2973f"
"data/work/book_index_rebuild/ocr_pages/page-0083.json","data/work/book_index_rebuild","5451","ea2ce2d6377504c6bbcf9c770f5b1d67db4ea0b716e63b223ce114f61b645d84"
"data/work/book_index_rebuild/ocr_pages/page-0084.json","data/work/book_index_rebuild","5208","774711163de5a95b78fedb8263848480949a87aa14ec3d0a6c880e3cc71e4536"
"data/work/book_index_rebuild/ocr_pages/page-0085.json","data/work/book_index_rebuild","5643","7a540cfe6c37172e41b73cdd911d42146ddeadbe767bf61a5fa4e7295fdeb443"
"data/work/book_index_rebuild/ocr_pages/page-0086.json","data/work/book_index_rebuild","6085","bea2c58ab6e59e533dc69b1c96e2f6970d4fd0f4b0b014768baa4e54da9153b8"
"data/work/book_index_rebuild/ocr_pages/page-0087.json","data/work/book_index_rebuild","5663","b7d3f6a7ebee7f305c1aaada4a081286ca399f4df89b5ecddcc065270667a9f5"
"data/work/book_index_rebuild/ocr_pages/page-0088.json","data/work/book_index_rebuild","5993","33bb254a77eb82056cbde0b758ec89f048b9b6865dd0cf12e7a8580c23c5ade7"
"data/work/book_index_rebuild/ocr_pages/page-0089.json","data/work/book_index_rebuild","5980","c1e8102caf2923a6af44a632ca0e39d2fb6a286a951fd276e5af70b2f0f8ce2c"
"data/work/book_index_rebuild/ocr_pages/page-0090.json","data/work/book_index_rebuild","5605","a16a901cc8ba8dbd10fc28dbf09881a2a0c9b3939f8c29d72c11d4e05b84c5ce"
"data/work/book_index_rebuild/ocr_pages/page-0091.json","data/work/book_index_rebuild","5841","022e656629ea84ffd50c1177f5e15edf9fd3e7761b11d908dd54f8f22e883a4f"
"data/work/book_index_rebuild/ocr_pages/page-0092.json","data/work/book_index_rebuild","4937","def8204c63d48a20b419bf984a57a1a55512f824f494f3d9c25aa132d179c882"
"data/work/book_index_rebuild/ocr_pages/page-0093.json","data/work/book_index_rebuild","5596","d656851e98436b1d28d65b9db927dda3d913a0940f093600d7de371602e28b83"
"data/work/book_index_rebuild/ocr_pages/page-0094.json","data/work/book_index_rebuild","5711","63c1faa29c6c234abf4a849268735b6a0440f9335a6e0739efa566a64f7fe510"
"data/work/book_index_rebuild/ocr_pages/page-0095.json","data/work/book_index_rebuild","4620","a9794a14a6bf4925479ca3b03fd396f4a23bad026a47a10bfab925dc57f4b6c3"
"data/work/book_index_rebuild/ocr_pages/page-0096.json","data/work/book_index_rebuild","6606","31b111cb8357581ea80bd8b85cfb15425897efa5e1c99ceb15c6f0d882ab426f"
"data/work/book_index_rebuild/ocr_pages/page-0097.json","data/work/book_index_rebuild","7034","bb53cb058cab326ddea09dec59af877a959864e29ed6e25dca57d62df81b4b0e"
"data/work/book_index_rebuild/ocr_pages/page-0098.json","data/work/book_index_rebuild","6030","42ed44326d047ba5995cafdbbd7bb1f0ec96a603c998fce0474b40673dae503c"
"data/work/book_index_rebuild/ocr_pages/page-0099.json","data/work/book_index_rebuild","5587","d701e5dbccabf861fbf315b617d98bb2514dcf584b316807747ef9c310498316"
"data/work/book_index_rebuild/ocr_pages/page-0100.json","data/work/book_index_rebuild","5103","48b651ac086b75fa2df2c795c76c74f1c59d00c7150f9a2ac68ff0f472186202"
"data/work/book_index_rebuild/ocr_pages/page-0101.json","data/work/book_index_rebuild","5058","318a1fbb9eccbda89fe9047e82e09cc388c76282320c7ccfdd5a4b96be369aaa"
"data/work/book_index_rebuild/ocr_pages/page-0102.json","data/work/book_index_rebuild","5889","f7f53e1827742479bf3ffaaface7d5cf16eec873405a460365a5da39726c0110"
"data/work/book_index_rebuild/ocr_pages/page-0103.json","data/work/book_index_rebuild","4082","c1a2b406c294a0ea41eb01cef248568787176082c51ca722579ae8f1b94dbf9a"
"data/work/book_index_rebuild/ocr_pages/page-0104.json","data/work/book_index_rebuild","6402","191e891a7dc45909ca94ec9462b077855830d402a0227580a20ef06d364ea339"
"data/work/book_index_rebuild/ocr_pages/page-0105.json","data/work/book_index_rebuild","6227","fc4f8d2d54aab2fd04f635616f9a4856a15b19062261af5278f5929a4cca6274"
"data/work/book_index_rebuild/ocr_pages/page-0106.json","data/work/book_index_rebuild","5269","9a0ac685d438653ad0f20b9c500e9b14a279e592f58270b05e6ceb3af983daad"
"data/work/book_index_rebuild/ocr_pages/page-0107.json","data/work/book_index_rebuild","4414","75b97218aecf690aa29072f0d4cf6207e9ac6bd1c8020741afc44534a90fb689"
"data/work/book_index_rebuild/ocr_pages/page-0108.json","data/work/book_index_rebuild","5071","c446c3b15a2f6499ac4243dbbdcefe88a015fd6b9b52219a6982e4515cc3a652"
"data/work/book_index_rebuild/ocr_pages/page-0109.json","data/work/book_index_rebuild","5476","22ee2f0ff3b85083c7e37582e7c34747b15eedb457b49f103729e75e30ee33b2"
"data/work/book_index_rebuild/ocr_pages/page-0110.json","data/work/book_index_rebuild","6383","840d28fba7d44db42bc2f745d9e22d3357bc52a1dc22ab16c5978d90e2b59a00"
"data/work/book_index_rebuild/ocr_pages/page-0111.json","data/work/book_index_rebuild","3589","c655252694e3bc2d9e75d36b7b5d1bb7af087c47590c208ded663f1771e278a7"
"data/work/book_index_rebuild/ocr_pages/page-0112.json","data/work/book_index_rebuild","5472","3ee2440162a1bbcc006e059c3b74922ac441b22149dd7f1977685e6c831b323f"
"data/work/book_index_rebuild/ocr_pages/page-0113.json","data/work/book_index_rebuild","6308","c1184587301af65c19ba642ca346371e4afe3d9c1b73bd278271761efd0c2a50"
"data/work/book_index_rebuild/ocr_pages/page-0114.json","data/work/book_index_rebuild","6104","65ee6dbea6be5e91eaccf4b08d8eaebe4dfeaf0380481b299ac3f761f31974db"
"data/work/book_index_rebuild/ocr_pages/page-0115.json","data/work/book_index_rebuild","6549","91907dc3f5609e56a99374e3fd68f891f6687794b42319734977314e5414e12a"
"data/work/book_index_rebuild/ocr_pages/page-0116.json","data/work/book_index_rebuild","6253","9d8d74a68cb49452c6e0741abcf9165c87026641c90487d5ede5a7b630cecf8b"
"data/work/book_index_rebuild/ocr_pages/page-0117.json","data/work/book_index_rebuild","6428","0b10ac1b14ba3e20ee7998b272d837941b9e86dad3913be0ef9c33bbd411b146"
"data/work/book_index_rebuild/ocr_pages/page-0118.json","data/work/book_index_rebuild","6215","1b0da66501720170b00a5dfb587ff23eb04ede73ed2e6754b34ffffbdd6c365d"
"data/work/book_index_rebuild/ocr_pages/page-0119.json","data/work/book_index_rebuild","6251","3d57f3b9bde14bb75f0163eccbbea414856e42fe5fe011b0560e80ac315d098d"
"data/work/book_index_rebuild/ocr_pages/page-0120.json","data/work/book_index_rebuild","6551","d0f029cb9a2f123240571da8ec87a320ef6e7352cfeb3a43925c6a6be3a4463c"
"data/work/book_index_rebuild/ocr_pages/page-0121.json","data/work/book_index_rebuild","6345","09c8a14e96a9e9bc8abc7613933b4ad27a4e71f28b19fbdc76bbea1763818f9c"
"data/work/book_index_rebuild/ocr_pages/page-0122.json","data/work/book_index_rebuild","6258","dd0123db2be7dffd2d21046b1927c3b7f7448983a7a4389024f764160562004e"
"data/work/book_index_rebuild/ocr_pages/page-0123.json","data/work/book_index_rebuild","6226","a4b36ff9e77860c08e289edbdd7533d1663d16b3912a7b9662b2772319db6ffa"
"data/work/book_index_rebuild/ocr_pages/page-0124.json","data/work/book_index_rebuild","6091","32e2365af5003c072b41d3482558f4e0c9dbce7727359160746b25dea59bda30"
"data/work/book_index_rebuild/ocr_pages/page-0125.json","data/work/book_index_rebuild","6086","fd3b7ee989fef4fbc6e6cd1a8557f5031c5987d6876df38e70ba0c1663982249"
"data/work/book_index_rebuild/ocr_pages/page-0126.json","data/work/book_index_rebuild","6591","baa8abc65f43e98a811e6425d99f898a77ebb44839b8c4cd26ee710868445e2e"
"data/work/book_index_rebuild/ocr_pages/page-0127.json","data/work/book_index_rebuild","6120","d32240432a32f09e0001159d81a523d038ed9a5a1973732e7126b5d0ae8314d2"
"data/work/book_index_rebuild/ocr_pages/page-0128.json","data/work/book_index_rebuild","807","5e70eae94e0cc0aee6d8e38bbf43235f6117a406bb155a0cab9aeca3d846d475"
"data/work/book_index_rebuild/ocr_pages/page-0129.json","data/work/book_index_rebuild","675","d66547cc60662abfca8e7f82129e68868af8022c229335e424a223a200899e2e"
"data/work/book_index_rebuild/ocr_pages/page-0130.json","data/work/book_index_rebuild","6526","83ea24483c72e6c8ca9d21c552e7420df30482b29a6b75db5b4b8b22563ebce7"
"data/work/book_index_rebuild/ocr_pages/page-0131.json","data/work/book_index_rebuild","8227","0d5a0ebdfeb8802f2b2ea3775a6701cf008e51a235c830b6bbaeef5296d350ae"
"data/work/book_index_rebuild/ocr_pages/page-0132.json","data/work/book_index_rebuild","9124","00afb93abe1ea5a8b32dacf6e80189d14503fe3b8f635292fd64e82c7cdcd654"
"data/work/book_index_rebuild/ocr_pages/page-0133.json","data/work/book_index_rebuild","5320","41366788afaf38047e99a5afc97960a871f2e88653546f69d64db7f2aa96ebce"
"data/work/book_index_rebuild/ocr_pages/page-0134.json","data/work/book_index_rebuild","6012","0bad10ad28a865b7764392ab91970449ba59fba1cb43bd7acbe9bda5d9d05f00"
"data/work/book_index_rebuild/ocr_pages/page-0135.json","data/work/book_index_rebuild","5962","be9b11a73732067a4b2b1d7600861bd41e2da9409e16b3431e0bfaddd777cc6f"
"data/work/book_index_rebuild/ocr_pages/page-0136.json","data/work/book_index_rebuild","5970","0e3999a9f5a0da2dd0a3bf9d3d7927b63633b9e1875f5311b6d684fd49d33944"
"data/work/book_index_rebuild/ocr_pages/page-0137.json","data/work/book_index_rebuild","5494","f67570ddf76c7d8aedd65e69b131321d2e2135603d7c009b4556060459b85e6d"
"data/work/book_index_rebuild/ocr_pages/page-0138.json","data/work/book_index_rebuild","6000","9c8456b4045048f3076533068416da869d9e5805509751a95858600dd0f93f8a"
"data/work/book_index_rebuild/ocr_pages/page-0139.json","data/work/book_index_rebuild","6057","80d0bc33be749113995b87977bd8f9557dc169581ac90e64b129f66cba23c160"
"data/work/book_index_rebuild/ocr_pages/page-0140.json","data/work/book_index_rebuild","5888","076b09ef1b99dde38c776e822525cb23071db7c6daec242850302e9023ecc0eb"
"data/work/book_index_rebuild/ocr_pages/page-0141.json","data/work/book_index_rebuild","5937","637a73e607259e9ea363fdba1c5773a2166be13a0fbfb5f8ed1a02cfe4fc3d33"
"data/work/book_index_rebuild/ocr_pages/page-0142.json","data/work/book_index_rebuild","5666","7c43614bd7912c277562860b47549222796c01456bc0cf7de5b3b415ee77a6f6"
"data/work/book_index_rebuild/ocr_pages/page-0143.json","data/work/book_index_rebuild","5921","056519fa41307133d5d321bd64fe86e13398d168c45517079b85de7436c52b55"
"data/work/book_index_rebuild/ocr_pages/page-0144.json","data/work/book_index_rebuild","5771","5444ceeeeeca18bf72517061645a3f91603566a3f86c6e91b22bf3254fe9f464"
"data/work/book_index_rebuild/ocr_pages/page-0145.json","data/work/book_index_rebuild","5956","ead71b108be4388c5cecf422e4a406b1f0c3eee3f1a8162a1c03a562c06f5d13"
"data/work/book_index_rebuild/ocr_pages/page-0146.json","data/work/book_index_rebuild","5581","ce3c3b6af48e9d6c23d99f10c526921af21cae0bd57d6769543c329181238633"
"data/work/book_index_rebuild/ocr_pages/page-0147.json","data/work/book_index_rebuild","5177","fac8c6d35a896d65b715c5adc5f1788d8aba783635e7430b9809342cbb1e3bd8"
"data/work/book_index_rebuild/ocr_pages/page-0148.json","data/work/book_index_rebuild","5860","e90a6d47e792b6a5a908ec5fe1d61b7ebd13e304ad7fa7f08c237ebdf88bdc23"
"data/work/book_index_rebuild/ocr_pages/page-0149.json","data/work/book_index_rebuild","5511","4d5c4df895a42f57b2383d2289b95f5b8d707c5d6029a5cae7a55e25a3f7a458"
"data/work/book_index_rebuild/ocr_pages/page-0150.json","data/work/book_index_rebuild","5971","614b8280270f0bbec2b22e499354d93aa13d0312befbdc14775848201c2e92d9"
"data/work/book_index_rebuild/ocr_pages/page-0151.json","data/work/book_index_rebuild","5591","5eb3f08c378040430e443ac597161b9afdd5d3ea09ce1969daa5f3968b450b1a"
"data/work/book_index_rebuild/ocr_pages/page-0152.json","data/work/book_index_rebuild","5911","1b5ff61a2eac2a8715fdcbe8c5e45da45534e7b0787d9b49409047383b7cc5a4"
"data/work/book_index_rebuild/ocr_pages/page-0153.json","data/work/book_index_rebuild","5557","008597399c5b3284b6591f47c7ec180aee3c4956c8ff37e7f46eac3151b77012"
"data/work/book_index_rebuild/ocr_pages/page-0154.json","data/work/book_index_rebuild","6132","c8b2ef1ad3866db1fd3aa1bad42b2404822224a00f997615cb8054bc5eeb37fc"
"data/work/book_index_rebuild/ocr_pages/page-0155.json","data/work/book_index_rebuild","5630","7cba7b5ab27a57791f067557535b735f372ba4e0273f338de06b7cf1cd610637"
"data/work/book_index_rebuild/ocr_pages/page-0156.json","data/work/book_index_rebuild","5411","1e65cad3323173ac97ba18029e9dd49356f082ecae677c9d2aa8cec98eea537d"
"data/work/book_index_rebuild/ocr_pages/page-0157.json","data/work/book_index_rebuild","4771","9610c5196f38516f93ffe4fa8021a1ab47e5b41ceae4e34fcbd6c8c4ac800789"
"data/work/book_index_rebuild/ocr_pages/page-0158.json","data/work/book_index_rebuild","4798","f4da1b20f37811a828d1fc29433e84830c67caffd02908c3c88c62405676cd93"
"data/work/book_index_rebuild/ocr_pages/page-0159.json","data/work/book_index_rebuild","5076","eced74deb275f3158b89aef2641ba1d7a8e59211e10176ac8032bd4d6febbdd1"
"data/work/book_index_rebuild/ocr_pages/page-0160.json","data/work/book_index_rebuild","5110","27807d35ad69995b4d4a9a6f5ab41e042cd26c3bac23d18920397e899693f3bf"
"data/work/book_index_rebuild/ocr_pages/page-0161.json","data/work/book_index_rebuild","4854","40f2524699bea5186c63653b80ac14db41209320e156138b6e038a31ff2d8c77"
"data/work/book_index_rebuild/ocr_pages/page-0162.json","data/work/book_index_rebuild","5732","55256ff2b89f73569dcb1862a1f2f634010776d66b116972e51e67627b0b1467"
"data/work/book_index_rebuild/ocr_pages/page-0163.json","data/work/book_index_rebuild","6311","b6e537e7be11cfce9c684848f4e97d45c03aa33cf91be73f107a60b92cb3ddbd"
"data/work/book_index_rebuild/ocr_pages/page-0164.json","data/work/book_index_rebuild","6206","caedc651e7f6f0ce4c81f0cae3cd5a21fb9907fd9f66fc9b30cd2ce3460625ec"
"data/work/book_index_rebuild/ocr_pages/page-0165.json","data/work/book_index_rebuild","5297","8d9cd45a258b0228841301fc83f9cbd5e276f15dccee44ab0a3759b4c9ae57f6"
"data/work/book_index_rebuild/ocr_pages/page-0166.json","data/work/book_index_rebuild","4990","89498e984688081348acd2764929c6425cfdfc5eaad5efefa902d43c77445789"
"data/work/book_index_rebuild/ocr_pages/page-0167.json","data/work/book_index_rebuild","6305","531881eff021452725e19e4dd295c0b242dc6d662b4a5dd18b01dfc57873b1c5"
"data/work/book_index_rebuild/ocr_pages/page-0168.json","data/work/book_index_rebuild","6540","e02640b10c816dad8b03378bbd0da1dce9369983bc9784bed92f4141cf5aa870"
"data/work/book_index_rebuild/ocr_pages/page-0169.json","data/work/book_index_rebuild","6444","4766939d5400796bb49b33505022ab353a6811ea03844dfb0ea2c134e8977b9c"
"data/work/book_index_rebuild/ocr_pages/page-0170.json","data/work/book_index_rebuild","6225","59490b557afe8e82905ac0f9722956a1452775715d8907e58f1058ca38936c82"
"data/work/book_index_rebuild/ocr_pages/page-0171.json","data/work/book_index_rebuild","6559","cd389faed3117d5a1fef564c8a5e0c32e56168b047ca0a9881e5148ad4919d62"
"data/work/book_index_rebuild/ocr_pages/page-0172.json","data/work/book_index_rebuild","6336","17f15ae8d544e18fe1d1bfdce12b97cd177e04464b87b309a5b0545752d64a68"
"data/work/book_index_rebuild/ocr_pages/page-0173.json","data/work/book_index_rebuild","6447","f0e51773a0a595d5f3df76a66b9d53835ba6ec308e7872c3795b210e20e95767"
"data/work/book_index_rebuild/ocr_pages/page-0174.json","data/work/book_index_rebuild","6567","f63d58fb2e939c6893301c115037365cf37de58c896191d8edba2d2e9bec9d9d"
"data/work/book_index_rebuild/ocr_pages/page-0175.json","data/work/book_index_rebuild","6555","5a8f302d3144f98d6f6791463602051a0fd331fdd2090db4a8276f659b213347"
"data/work/book_index_rebuild/ocr_pages/page-0176.json","data/work/book_index_rebuild","6323","b790c0682fe02d1941553a86bd9adb6e5290d971d5b789484c648a842d36816e"
"data/work/book_index_rebuild/ocr_pages/page-0177.json","data/work/book_index_rebuild","1760","4c19ffe8dc8451622db58c6524c8080a7bc5f69ee5dadffef735abc4ad967a5d"
"data/work/book_index_rebuild/ocr_pages/page-0178.json","data/work/book_index_rebuild","557","7c9dd7af3c4a7e3bc834c9cc018262479813be187d1e1a09e63192d4a991fcc6"
"data/work/book_index_rebuild/ocr_pages/page-0179.json","data/work/book_index_rebuild","7996","3d230c895b3354a222758d46103c57faed75a691b4079d9af699c2c2673a4366"
"data/work/book_index_rebuild/ocr_pages/page-0180.json","data/work/book_index_rebuild","11355","f35a7a3b19c6855437f144beb42403c563b695c868cfd1f15d2af73013459912"
"data/work/book_index_rebuild/ocr_pages/page-0181.json","data/work/book_index_rebuild","11272","80cfa886c0434771b5c7ee2ed6027f9caaf586f34a04dedc48bc76fa859914d8"
"data/work/book_index_rebuild/ocr_pages/page-0182.json","data/work/book_index_rebuild","4991","857ed4e3f6107354ab1d81d48f3d6cb22de695a785e483153c8bb6a950802544"
"data/work/book_index_rebuild/ocr_pages/page-0183.json","data/work/book_index_rebuild","5948","27e98eabca068530a3392cd3298a4b2b4e007af344e5ed3c75861a7f975336d0"
"data/work/book_index_rebuild/ocr_pages/page-0184.json","data/work/book_index_rebuild","5546","e347139025be9ca339328ef9dd7c21048b17b3493bf323ac9127bad5000b3259"
"data/work/book_index_rebuild/ocr_pages/page-0185.json","data/work/book_index_rebuild","6028","b7ba230208137ba080ad7f50031a78071ad6434c3db3576401125d4b13230181"
"data/work/book_index_rebuild/ocr_pages/page-0186.json","data/work/book_index_rebuild","5810","e88263123d5b65b0cb7e6ebb475abf91fb974e34a09c36d40b66346909195345"
"data/work/book_index_rebuild/ocr_pages/page-0187.json","data/work/book_index_rebuild","5865","77eb4a58a102cb5a041ef784555b4ffeb1c9fc5c600258b840bee72a0c8bea4d"
"data/work/book_index_rebuild/ocr_pages/page-0188.json","data/work/book_index_rebuild","5896","cc602e726f896cff14e8ca35f7b57645d050d94e9fb3fa2097c1e0cf85fc70f0"
"data/work/book_index_rebuild/ocr_pages/page-0189.json","data/work/book_index_rebuild","5950","e36628c2e1b8633683d7174adf5a004aa27c9d8f90f1eef3bd6d8e55cf324538"
"data/work/book_index_rebuild/ocr_pages/page-0190.json","data/work/book_index_rebuild","5333","dd3dbd0f96cc61a553872b260ba1494e9135c8b5f208fc42e3af1369876efa25"
"data/work/book_index_rebuild/ocr_pages/page-0191.json","data/work/book_index_rebuild","5747","4db90198526a347564e705d15065a3c29f54fc00518564383a41f9da154f54e2"
"data/work/book_index_rebuild/ocr_pages/page-0192.json","data/work/book_index_rebuild","5640","5f3c7e29119960863899cb52536dce377e0f07bf95c72862018d31f0dd4e387e"
"data/work/book_index_rebuild/ocr_pages/page-0193.json","data/work/book_index_rebuild","5817","952859188d3090391acd8a62f950f2f4d8a3d86550bd8012a4009822c0c4b013"
"data/work/book_index_rebuild/ocr_pages/page-0194.json","data/work/book_index_rebuild","5562","a0d8d6f3409b8388f31e65cb5b37defc85105e81dee274cc15f19790d8c4f1d6"
"data/work/book_index_rebuild/ocr_pages/page-0195.json","data/work/book_index_rebuild","6180","3cec1aa1e49a3e3d9519af3f3cc3a3892480138880bc0ae6efe3bb86fb885f49"
"data/work/book_index_rebuild/ocr_pages/page-0196.json","data/work/book_index_rebuild","5863","860e7f817326debe7917bb0e83af9a4d1747bea400db9321347fa571e7e1ea2e"
"data/work/book_index_rebuild/ocr_pages/page-0197.json","data/work/book_index_rebuild","5984","4fbe9dcf8750b1f2ef424681ab1d9eb16c1d504b4b888da10cf708073d1dc0bf"
"data/work/book_index_rebuild/ocr_pages/page-0198.json","data/work/book_index_rebuild","5415","dbaa48da29eafd1247253fad73c2f0e6261d36483b50a304e5c779c5cc4df493"
"data/work/book_index_rebuild/ocr_pages/page-0199.json","data/work/book_index_rebuild","5510","03d9e509ef665ccfe30ebb4966a3a95bce73e9a5e7b251200481d6402e4ddb26"
"data/work/book_index_rebuild/ocr_pages/page-0200.json","data/work/book_index_rebuild","5758","d7af9575ae2cc73b47b69d6140f95c53398d1d64efa1f6b9060af4991483377a"
"data/work/book_index_rebuild/ocr_pages/page-0201.json","data/work/book_index_rebuild","4175","80fc7e75d89f38db238da139a06c7ed11f55904f49d149c7f3735ffd59047818"
"data/work/book_index_rebuild/ocr_pages/page-0202.json","data/work/book_index_rebuild","4774","b9eb41b0e35993737dd507460eeefe00a8f46f27837b2bcd1a9ef3f7ae2a294a"
"data/work/book_index_rebuild/ocr_pages/page-0203.json","data/work/book_index_rebuild","4903","ebd050e138e95fbc8a2bf186ffb466ef491e5d719f95b82172e472e5703d317f"
"data/work/book_index_rebuild/ocr_pages/page-0204.json","data/work/book_index_rebuild","6288","a513604934496e63287dc1822414c2c82d6e99ee26312f0fd1138b810ed3fd87"
"data/work/book_index_rebuild/ocr_pages/page-0205.json","data/work/book_index_rebuild","5857","993a32c09c6ba6180c6e7e59b44cd05299405a558a9207bd22597888437e3e99"
"data/work/book_index_rebuild/ocr_pages/page-0206.json","data/work/book_index_rebuild","5117","57156cdb45b513aaaaea53d64e2c180f47312f5c82c26ef4e6e5312fd9b74a28"
"data/work/book_index_rebuild/ocr_pages/page-0207.json","data/work/book_index_rebuild","6363","cb145c6bc9da2610ba0cb58457a10ec4bb720be6c519e654f1734b4878ab35d9"
"data/work/book_index_rebuild/ocr_pages/page-0208.json","data/work/book_index_rebuild","6633","c692c0fc312642d415e529628711de585dd865a172089b6451dd2aa3f324847d"
"data/work/book_index_rebuild/ocr_pages/page-0209.json","data/work/book_index_rebuild","6636","a53fc61a7fab2f9d49987d8b37e4a098172242b3655d38b1752fcaef78193c77"
"data/work/book_index_rebuild/ocr_pages/page-0210.json","data/work/book_index_rebuild","6059","74cd816d9fc427885dda19f90c8eff3d6600414affd0e1fbd5a754eb95368cca"
"data/work/book_index_rebuild/ocr_pages/page-0211.json","data/work/book_index_rebuild","6301","43d4131f99f389d0f720a7bb989279a2a1a26742195a7bd3ccae997992d212f0"
"data/work/book_index_rebuild/ocr_pages/page-0212.json","data/work/book_index_rebuild","6113","cef9561938027f7e5e634b2c75c6d3c2f0ec427ae8260b938b02749aa3b422f9"
"data/work/book_index_rebuild/ocr_pages/page-0213.json","data/work/book_index_rebuild","6373","1e9f0cb2771fda36336dee1ea9f2a2ee39aef0e2a627f5d9d8442cfa9596f066"
"data/work/book_index_rebuild/ocr_pages/page-0214.json","data/work/book_index_rebuild","6095","3ded2cfecdaaaff5ce8f5954c518612fc5e61be58a03b9923e12d072c9e86e95"
"data/work/book_index_rebuild/ocr_pages/page-0215.json","data/work/book_index_rebuild","6717","1787d2ae5cd3731f8bb0eb76c0ecfc81c7f377e248b584d33d35ab183c96ccad"
"data/work/book_index_rebuild/ocr_pages/page-0216.json","data/work/book_index_rebuild","6594","84674f64b0bf175f468821b8bbc32263c30e61402997467a65fcdb825a38c33a"
"data/work/book_index_rebuild/ocr_pages/page-0217.json","data/work/book_index_rebuild","466","2b5339892d457aa4f7c4c09c00b86441ea27d1d44743154af92841ad07955548"
"data/work/book_index_rebuild/ocr_pages/page-0218.json","data/work/book_index_rebuild","591","88ef4c88ce524218eced76420ad229d720117561ffd9add227d9b43b8049c9ae"
"data/work/book_index_rebuild/ocr_pages/page-0219.json","data/work/book_index_rebuild","7529","ac936fabe8961e6c9475772a4375cd14b3709220ff564931ccb77627d3345861"
"data/work/book_index_rebuild/ocr_pages/page-0220.json","data/work/book_index_rebuild","12410","9b49bc69115adfe22f635051c7a8d7629fb99eddf4587108d04ef52a5cade6b5"
"data/work/book_index_rebuild/ocr_pages/page-0221.json","data/work/book_index_rebuild","9147","d70df27561d7f3fd74396ffd1c31ad0b854296ad23eb3d28fa38247665156e6a"
"data/work/book_index_rebuild/ocr_pages/page-0222.json","data/work/book_index_rebuild","6124","d9d71cd8a52cdf82bf3f04c92e2c465e91b87731abbec4acd9b787aaa7adf735"
"data/work/book_index_rebuild/ocr_pages/page-0223.json","data/work/book_index_rebuild","6189","eec2b161e2c11f04590b5382552a56093d47719aef4ff257731b3b5a0d030549"
"data/work/book_index_rebuild/ocr_pages/page-0224.json","data/work/book_index_rebuild","5450","1713df82ab68f548ea6471ae2ad2310354498602af5768fc3023f225b1358da8"
"data/work/book_index_rebuild/ocr_pages/page-0225.json","data/work/book_index_rebuild","4786","296f70eb989bd9f270084cf0eccf64a455e2c85e57d14ce71605daec9b12abfc"
"data/work/book_index_rebuild/ocr_pages/page-0226.json","data/work/book_index_rebuild","5364","600f214b0269e3b076c99b0f6eb593642aff9cd969a1dd441221db9788b11627"
"data/work/book_index_rebuild/ocr_pages/page-0227.json","data/work/book_index_rebuild","4479","f942f73afd60f5c720608c49c385fe45b3bb0814e14b9566a6ab727e27661db6"
"data/work/book_index_rebuild/ocr_pages/page-0228.json","data/work/book_index_rebuild","5521","70f5874157b629566c82765065eced6f1aaf897064b8fd07c027e7fa97bc316c"
"data/work/book_index_rebuild/ocr_pages/page-0229.json","data/work/book_index_rebuild","4978","e4a4a6be8a95a71d12ef82802444a6b3f39f4d2964718116036ba2bfb1e7ce3c"
"data/work/book_index_rebuild/ocr_pages/page-0230.json","data/work/book_index_rebuild","5666","7632a72ac0f629c463f2a9515b5a851924863ca7e7fb799def2298a07a24f2ef"
"data/work/book_index_rebuild/ocr_pages/page-0231.json","data/work/book_index_rebuild","5708","e3c29d06e9710959bb4015b32b9dc6745ee1e40357d66c3796f31e2280d53fb3"
"data/work/book_index_rebuild/ocr_pages/page-0232.json","data/work/book_index_rebuild","5584","3c89bcc535a961979f46883bec7047e153330efae68f1813328d7e74ed60b976"
"data/work/book_index_rebuild/ocr_pages/page-0233.json","data/work/book_index_rebuild","4840","3d58219a5850556a433afb5ca7299083450461959dbf788ebc1a614ab9dbc2f7"
"data/work/book_index_rebuild/ocr_pages/page-0234.json","data/work/book_index_rebuild","5608","f58c8d60eddf3a26f07b5b22a5097ce3eb76eab26ee72dbf6f7c9dea492a42bb"
"data/work/book_index_rebuild/ocr_pages/page-0235.json","data/work/book_index_rebuild","4646","f82b42b374bc93f1cf60c89c37cce30decdcf4512ebefcdda0d424efff210dba"
"data/work/book_index_rebuild/ocr_pages/page-0236.json","data/work/book_index_rebuild","4876","1bfcfaee5f792d9f627b21cc91c496754cba4697da02ff825d62a6d64efbdc1e"
"data/work/book_index_rebuild/ocr_pages/page-0237.json","data/work/book_index_rebuild","5054","2cb22ad0d9f5f9372a424e920298f703c9fc21bdddb1088aadbc82463b11d725"
"data/work/book_index_rebuild/ocr_pages/page-0238.json","data/work/book_index_rebuild","4508","fb02e21e7b9832ca3cea908087a81a8209c088669dc3116d91365d0baf3e9aa2"
"data/work/book_index_rebuild/ocr_pages/page-0239.json","data/work/book_index_rebuild","2280","a0f501d196e8486f0099a639cbf267494e700e2cd89ca0d7385d5ee5a742572f"
"data/work/book_index_rebuild/ocr_pages/page-0240.json","data/work/book_index_rebuild","3492","937cbd50b233ae2228b17a51027df5399d4e7bc8a2dffaf00c989fec632f2b66"
"data/work/book_index_rebuild/ocr_pages/page-0241.json","data/work/book_index_rebuild","6050","91388abe585ca019f0b4a37f2ed952ba6fe2ce896fe2c8c99371f365e617f226"
"data/work/book_index_rebuild/ocr_pages/page-0242.json","data/work/book_index_rebuild","6262","b36309aefadb059bb5af2e7d8768caee667350d556887251045860d2e539081b"
"data/work/book_index_rebuild/ocr_pages/page-0243.json","data/work/book_index_rebuild","6670","a6a43c52e55019280d50ebf729272719fa90209af68ddd445e9c38ed118bd58d"
"data/work/book_index_rebuild/ocr_pages/page-0244.json","data/work/book_index_rebuild","6546","8f3cb74cb7c28e7ca8ef5b35d9e919124acf7bc76cd31c7d6f684f8b3230912a"
"data/work/book_index_rebuild/ocr_pages/page-0245.json","data/work/book_index_rebuild","6146","936c7a463b35062e13d97f56a802c385257375abd12f07d43682e78c0fc8baf9"
"data/work/book_index_rebuild/ocr_pages/page-0246.json","data/work/book_index_rebuild","6278","154453dcdcf0507d080eccd9dec379af3ab11db749e269fd9c88e1f70044513c"
"data/work/book_index_rebuild/ocr_pages/page-0247.json","data/work/book_index_rebuild","6358","28bb58e599a6ec59e88a049ddf099176949ffb81caad69b02672a80d38bc983a"
"data/work/book_index_rebuild/ocr_pages/page-0248.json","data/work/book_index_rebuild","6195","56e2c5a982799c5cb989b00ee246b205ab85d289d7c88775d91b1ffad70d3bbb"
"data/work/book_index_rebuild/ocr_pages/page-0249.json","data/work/book_index_rebuild","6289","1f6825d048c6423b57e29fd0421107496b6e5949655bb3c5ed919e36f0e2e5b1"
"data/work/book_index_rebuild/ocr_pages/page-0250.json","data/work/book_index_rebuild","6426","754eb5db389dc34f0be17e868db08e15f8081e1951f88580bb183a3c08b01ae6"
"data/work/book_index_rebuild/ocr_pages/page-0251.json","data/work/book_index_rebuild","6394","3b2f5d238a837fbc2d6bdaad82b50f4fb23bf35ebd32121c66a45cbc833089f6"
"data/work/book_index_rebuild/ocr_pages/page-0252.json","data/work/book_index_rebuild","4540","b77d19f86df80c82aeade653c8c3e1102adcc5ac787f63a7e78f055bc675a10c"
"data/work/book_index_rebuild/ocr_pages/page-0253.json","data/work/book_index_rebuild","811","78b166ba705da212b213ddfd5c676c8714b2b2d9bdc69cd0110d2968b8afc784"
"data/work/book_index_rebuild/ocr_pages/page-0254.json","data/work/book_index_rebuild","6294","b96da4d106fc25de35e2382a69840826e6818483fc038a11f1b0c42d934514a3"
"data/work/book_index_rebuild/ocr_pages/page-0255.json","data/work/book_index_rebuild","8783","bda7f698b151b7360f8a0c14af4ce55ac5af3ec8e6703f8681f5588217a6beaa"
"data/work/book_index_rebuild/ocr_pages/page-0256.json","data/work/book_index_rebuild","6603","840ecc29fa5312919ba4c45baf989ce40fabeddd72b7289d0d6fca678af98aec"
"data/work/book_index_rebuild/ocr_pages/page-0257.json","data/work/book_index_rebuild","5543","a9bea7182cf23110dfa9b99ac76b91a9e9dd22e9431d7b636dd2ecc2f8fa41f2"
"data/work/book_index_rebuild/ocr_pages/page-0258.json","data/work/book_index_rebuild","6019","1f1aff27b033d477271611c3ddb6a6048fe8be55f32e43bcb42186774abb97a8"
"data/work/book_index_rebuild/ocr_pages/page-0259.json","data/work/book_index_rebuild","6113","145faff4ae03a2884356078a3babf764abbe082366a8b3c0d3c1f9451e19fc1d"
"data/work/book_index_rebuild/ocr_pages/page-0260.json","data/work/book_index_rebuild","5708","92b56c5b985b226659ab0f964332da0045a633188259a731a976fcaab9c9472e"
"data/work/book_index_rebuild/ocr_pages/page-0261.json","data/work/book_index_rebuild","5145","e07032f32367abd8cf1fd9b711d779d84bf6d425c6d018a307a57fd2ac6edd53"
"data/work/book_index_rebuild/ocr_pages/page-0262.json","data/work/book_index_rebuild","4996","a4db8f877fb7d142cb3088a7662f999282ab43e9d5fe54d9346bb1626673be50"
"data/work/book_index_rebuild/ocr_pages/page-0263.json","data/work/book_index_rebuild","7278","91f83d2afbef4489c9d095775fc9dfb50cfd2b5dd60fba8a0ca0c41d0e7b408d"
"data/work/book_index_rebuild/ocr_pages/page-0264.json","data/work/book_index_rebuild","5515","0075648776c5b7919e1f03613e15089fd2230f5d4c6036825c41a322e8779f83"
"data/work/book_index_rebuild/ocr_pages/page-0265.json","data/work/book_index_rebuild","8129","11b8ee6fa5e2aaf970c79cd72c6f20c02886b192203dedabcdb361fb67e59598"
"data/work/book_index_rebuild/ocr_pages/page-0266.json","data/work/book_index_rebuild","5558","71b5471d763126fc226851c0b07f6c9c5d0ce1c577692f389d3adf655cc8b59d"
"data/work/book_index_rebuild/ocr_pages/page-0267.json","data/work/book_index_rebuild","5548","ad06aefc5d26124fef05ad02a33c3bffad8bc141f7ddd091c6d8f5a6a1850ba5"
"data/work/book_index_rebuild/ocr_pages/page-0268.json","data/work/book_index_rebuild","4580","a67fbb8c031524a76f58ff3f30b17ad49cbb474a87507a629e7c0b6a2b78a8ca"
"data/work/book_index_rebuild/ocr_pages/page-0269.json","data/work/book_index_rebuild","4814","5e31cbc7212e1374bd935dc8eb6eb5b89c27ef31c5d4a9263f20ee711f27b67d"
"data/work/book_index_rebuild/ocr_pages/page-0270.json","data/work/book_index_rebuild","5195","9594885ea15a60bd33d9e0bef29aa0711a6638ef9e866829e3be299c178c3944"
"data/work/book_index_rebuild/ocr_pages/page-0271.json","data/work/book_index_rebuild","6012","ba81a782de48775c9a48c3f30dd6c7f80e518883f300c392d346f7f42902f117"
"data/work/book_index_rebuild/ocr_pages/page-0272.json","data/work/book_index_rebuild","5969","4162aad49a65198258762d332cf5b65eed43012e7ffbe88abc6edd57533258cf"
"data/work/book_index_rebuild/ocr_pages/page-0273.json","data/work/book_index_rebuild","5913","21b54e55d7ad97e7bb33e2595b8814a91946965b4152073ca92de2b99850f81d"
"data/work/book_index_rebuild/ocr_pages/page-0274.json","data/work/book_index_rebuild","5662","c4cedfa37c41ba52843019501e803b5e9abf3c9b3fd7dd3682a897f37eafab27"
"data/work/book_index_rebuild/ocr_pages/page-0275.json","data/work/book_index_rebuild","5249","a41b03399eea557f152f418b8e3a33b82a8c0ab7b825d881bf61e52b7df311c1"
"data/work/book_index_rebuild/ocr_pages/page-0276.json","data/work/book_index_rebuild","5794","7d464a235371e559704c7df55d6a5abaf3f61f133b338e8dd8e0519cc6cf72af"
"data/work/book_index_rebuild/ocr_pages/page-0277.json","data/work/book_index_rebuild","5052","c2a1211ece42ce0c13e674f7076768fa7412621d48350cdea63a5823c326c4b6"
"data/work/book_index_rebuild/ocr_pages/page-0278.json","data/work/book_index_rebuild","4710","93d9830f3e046156791ed1176c3b29aaa8e3e2a197b9d2870f6d31b4b5fae957"
"data/work/book_index_rebuild/ocr_pages/page-0279.json","data/work/book_index_rebuild","5713","68933997349dc80e79d07dfd7e10f6fbb0af9f9dcd20a1afc3ae11ec7827f42c"
"data/work/book_index_rebuild/ocr_pages/page-0280.json","data/work/book_index_rebuild","5717","572d6ba5ae23393c470f9f22078aad7301a056bbe30bf5ff49cd8bb9554c7323"
"data/work/book_index_rebuild/ocr_pages/page-0281.json","data/work/book_index_rebuild","5160","f5038ac103291843e3b9ad694a711c7cb57042e9e5ee45d7923b97610c57fcfa"
"data/work/book_index_rebuild/ocr_pages/page-0282.json","data/work/book_index_rebuild","4410","b89d0c092cfb9e23eb68e75318a8b909f7002bfc0632b7fac15183c6bd0ab6c8"
"data/work/book_index_rebuild/ocr_pages/page-0283.json","data/work/book_index_rebuild","5361","0d08f63ecb100894945122d886f6dfc8d315cb6d4a0d3215c744a820b6f1cae5"
"data/work/book_index_rebuild/ocr_pages/page-0284.json","data/work/book_index_rebuild","4669","cb40c0e2a13de6856bc08cdb1a5945de3ba65e79ca84382008aa26341ef320a0"
"data/work/book_index_rebuild/ocr_pages/page-0285.json","data/work/book_index_rebuild","5597","3bdabf8320a308286d443c4639b0c30e87d14450ff5b01cdf5e36dd260aa5be2"
"data/work/book_index_rebuild/ocr_pages/page-0286.json","data/work/book_index_rebuild","6258","e2db93568e72d4b0e2aff16257605af741e82ca854401b83fab54b95fd1b1367"
"data/work/book_index_rebuild/ocr_pages/page-0287.json","data/work/book_index_rebuild","6408","2ec05bb7ae496b7fbe45809f205733dffecd9a5ad150f4c3abf40a6a0472380e"
"data/work/book_index_rebuild/ocr_pages/page-0288.json","data/work/book_index_rebuild","6341","37ca2b54f91234eadfaaeee8939424ddc512c628c997e003d787fc61d378a3a9"
"data/work/book_index_rebuild/ocr_pages/page-0289.json","data/work/book_index_rebuild","6512","494a19ba78bdfb8d138de7bc93e88f03a72daf567181a4a1b0b47fe50f0e46b3"
"data/work/book_index_rebuild/ocr_pages/page-0290.json","data/work/book_index_rebuild","6504","bc48e18445cd2e31e8b48cedb6b9b6e7cc8d9177d99a5b4c30c0019fad3007b2"
"data/work/book_index_rebuild/ocr_pages/page-0291.json","data/work/book_index_rebuild","6442","d4d847e4b16d04eb95f092f5a84772da290ac12b67b5ddf93b8e4174b37aea5f"
"data/work/book_index_rebuild/ocr_pages/page-0292.json","data/work/book_index_rebuild","6702","64d54563bcf654c31be3437a99c0a32b965a0b4eedc86b29456b96ea863a9851"
"data/work/book_index_rebuild/ocr_pages/page-0293.json","data/work/book_index_rebuild","6561","758638f277836e6c3c9d99cd65b3025874af2339e62ed9786a928aa790b156b6"
"data/work/book_index_rebuild/ocr_pages/page-0294.json","data/work/book_index_rebuild","6148","38225ec81dc8d3906bc6ad2598d114c1662ad0e15262f3ece4793705a4cbd163"
"data/work/book_index_rebuild/ocr_pages/page-0295.json","data/work/book_index_rebuild","6562","a517dac709aafa1b9f64549f6a817dfd069ad68c6ea1dccbdc47cc58fc9b1880"
"data/work/book_index_rebuild/ocr_pages/page-0296.json","data/work/book_index_rebuild","6468","bba617ee35640619562c62bae358e637d05fdc223796bd703f4d1afa8cdb9606"
"data/work/book_index_rebuild/ocr_pages/page-0297.json","data/work/book_index_rebuild","4557","0bcb5bd571d5e5dc1864b8a269691054a4f1311a638bcbcb0227b0405cd03082"
"data/work/book_index_rebuild/ocr_pages/page-0298.json","data/work/book_index_rebuild","1241","4773f7c1e83566e23fab669f3acea2d07965d273c5c03c7528176eec54841395"
"data/work/book_index_rebuild/ocr_pages/page-0299.json","data/work/book_index_rebuild","5653","3022481aeaec4976b38e815e97256a7769e00bf31d6287e5b908fb5664043344"
"data/work/book_index_rebuild/ocr_pages/page-0300.json","data/work/book_index_rebuild","4479","eaaa9b0f2eec7deba9a872d624ca7588f9e605ee33aa0b9c099b6c66cc63a948"
"data/work/book_index_rebuild/ocr_pages/page-0301.json","data/work/book_index_rebuild","3947","66db2e16517bf71f4656d501e503c09261d235a26a771c67f533c18d67cab8f1"
"data/work/book_index_rebuild/ocr_pages/page-0302.json","data/work/book_index_rebuild","3370","71a6cbcba64f8c5952d3e12379b7dd4ce327ff837b8a293543fcfe99d999dae9"
"data/work/book_index_rebuild/ocr_pages/page-0303.json","data/work/book_index_rebuild","4673","f82dea24182c2226a28aafd551bad10d20a2c92ba1287000273ec032b202d15f"
"data/work/book_index_rebuild/ocr_pages/page-0304.json","data/work/book_index_rebuild","5838","b187485065e0269820a014615757d0191f5192ec2066ae5b93e6ec7babbd0fbd"
"data/work/book_index_rebuild/ocr_pages/page-0305.json","data/work/book_index_rebuild","5222","a0b12ecd7f8c19b2db2ed22e658323fce67e2eab8a7179090e97f709cda81602"
"data/work/book_index_rebuild/ocr_pages/page-0306.json","data/work/book_index_rebuild","4774","03927c98b1b59575a8f0f1e864957c754c9d74f064cb64913ce067a98ee2d9c2"
"data/work/book_index_rebuild/ocr_pages/page-0307.json","data/work/book_index_rebuild","8443","123864d7c159da89e4c1e88d734a2640e2263274ae6abc0d0ec462b686efb306"
"data/work/book_index_rebuild/ocr_pages/page-0308.json","data/work/book_index_rebuild","3500","474d64085ba0c970b302b31f2747a7b19569c9a80d8497c86729d8723f938c91"
"data/work/book_index_rebuild/ocr_pages/page-0309.json","data/work/book_index_rebuild","5848","d823b8139d7f93c702e9eba841d6963c2aaa307748356fad21747fedad6cfeb5"
"data/work/book_index_rebuild/ocr_pages/page-0310.json","data/work/book_index_rebuild","5497","40cc60593d84b87b8ea04ca46c23ede356c611507608955e39887efe6435c693"
"data/work/book_index_rebuild/ocr_pages/page-0311.json","data/work/book_index_rebuild","4932","534ae3d5ec7b2c5ebe7c3756811ec807fd8053863fada94882169b8dfa4f1413"
"data/work/book_index_rebuild/ocr_pages/page-0312.json","data/work/book_index_rebuild","4989","69f54697524997d75c3b9d2a24c547ee9643952645cd1d54e8a5f72922e8a484"
"data/work/book_index_rebuild/ocr_pages/page-0313.json","data/work/book_index_rebuild","5381","2bc07d5f4f0059943d5daaf06320b791c9267d3523bbc0205bdc22b556f85839"
"data/work/book_index_rebuild/ocr_pages/page-0314.json","data/work/book_index_rebuild","4852","1a0264486fd3fdaa85c8de95de070e468f201aed883e4d63f3c372fc02214692"
"data/work/book_index_rebuild/ocr_pages/page-0315.json","data/work/book_index_rebuild","6158","6b6c784ecc8d4af8551d0a7a98bc2962d6b5a9d3a1750b5080e96764734d636b"
"data/work/book_index_rebuild/ocr_pages/page-0316.json","data/work/book_index_rebuild","6108","94646c58a89a26f2fb6419b5d6e2e91c36c0f619d38f055e9b538184e80fba7b"
"data/work/book_index_rebuild/ocr_pages/page-0317.json","data/work/book_index_rebuild","6061","b15376afb9a89d54301168a0cadb51692023f23bc4e088ac9ef3fa4b329589dc"
"data/work/book_index_rebuild/ocr_pages/page-0318.json","data/work/book_index_rebuild","5008","b12650c7a15e21f2cc2dd5e10f8c66de12b0670277949add460b2661fe48a20d"
"data/work/book_index_rebuild/ocr_pages/page-0319.json","data/work/book_index_rebuild","4719","cc86d972dd776f86efeeda7deab3607dccf3b0a23823751194ed645bb2f8e73f"
"data/work/book_index_rebuild/ocr_pages/page-0320.json","data/work/book_index_rebuild","3947","8ea928534126a61816339df939a4dd427598179d774a2fe647edd45e716b4a1b"
"data/work/book_index_rebuild/ocr_pages/page-0321.json","data/work/book_index_rebuild","6624","942f7b5dc7cc264af3a583fbf4b2419763077442b511aa50cdb99fa35f6a3f34"
"data/work/book_index_rebuild/ocr_pages/page-0322.json","data/work/book_index_rebuild","4760","74004ffd8e824294d51a390d61470b3a3d47c233fb572faf3a45d829cff9bc9a"
"data/work/book_index_rebuild/ocr_pages/page-0323.json","data/work/book_index_rebuild","6343","d641bb9720a99b75e7b638403826710e89cb283a096f21bd584c1157b02e24b8"
"data/work/book_index_rebuild/ocr_pages/page-0324.json","data/work/book_index_rebuild","6480","edee0e5bf0bf56f0e17a7d47f02675ef38d58130a31410262dbb389d9b934b2d"
"data/work/book_index_rebuild/ocr_pages/page-0325.json","data/work/book_index_rebuild","6455","731df258c7f9f7e62a6d68694fcaef2a251f7a9708ecbe7b6b680da762c9a0b0"
"data/work/book_index_rebuild/ocr_pages/page-0326.json","data/work/book_index_rebuild","6336","a643120eb3c5cedc4761e92d6e4722ab7a3fb842931b48e68fa9632d91ebf10c"
"data/work/book_index_rebuild/ocr_pages/page-0327.json","data/work/book_index_rebuild","3726","5babc28f1abf3d36e1d8d7df54a4c40ba21fa2bdad39076e640da2ff2577a6bf"
"data/work/book_index_rebuild/ocr_pages/page-0328.json","data/work/book_index_rebuild","590","b3580eb83d9a07375e00667fff65deab4a01e5ebb010ee21363d5c67941302ce"
"data/work/book_index_rebuild/ocr_pages/page-0329.json","data/work/book_index_rebuild","4360","c975e1f134a11df2fef17745e4ff24848195370c0f0055fcb3ae9e60f67be1c8"
"data/work/book_index_rebuild/ocr_pages/page-0330.json","data/work/book_index_rebuild","5989","c3a4810a0b0f09dd32fdeb061559e879c1281d5609854e8c517513e0366f4a4e"
"data/work/book_index_rebuild/ocr_pages/page-0331.json","data/work/book_index_rebuild","5214","8ad0745ad78ed4d261947bc7d7c294ce0b1c5014c87afb839616d9d42196a0b4"
"data/work/book_index_rebuild/ocr_pages/page-0332.json","data/work/book_index_rebuild","5298","da8988000d23199f7b33b35cbe9ffff23949d6a40e24233d6ecb7ed6159480b5"
"data/work/book_index_rebuild/ocr_pages/page-0333.json","data/work/book_index_rebuild","5740","14c1fda55030562d75ce899bb4ab4d491fe2cf82debcfef6bef1c0ea4b3b71a5"
"data/work/book_index_rebuild/ocr_pages/page-0334.json","data/work/book_index_rebuild","4906","cf09050b8e8831647c1ff855a3f5c49ab07bfa5995b345343f0e4a94ba280498"
"data/work/book_index_rebuild/ocr_pages/page-0335.json","data/work/book_index_rebuild","4584","e9f0e2f0a1336d0b210148dc69a6b3419795a80db9c2631605feb629d5bd843f"
"data/work/book_index_rebuild/ocr_pages/page-0336.json","data/work/book_index_rebuild","4714","b5928f4745b31a873312b62c8d4651b51e4005f5e84a60ab61fc1f63a98c1051"
"data/work/book_index_rebuild/ocr_pages/page-0337.json","data/work/book_index_rebuild","5031","81414b0e424ec4196fa25ecefe772558fcdb5724879310f9d2f409a7fac5398b"
"data/work/book_index_rebuild/ocr_pages/page-0338.json","data/work/book_index_rebuild","4676","33d7e1afd6552a48815ae6b3a93c7b29fba24e7074b20984e7746f69a11f47fa"
"data/work/book_index_rebuild/ocr_pages/page-0339.json","data/work/book_index_rebuild","4747","9fef49e3b38e9f18893a66acf2f68a00ae18157f2c518cf1ddbc3a883a4559b9"
"data/work/book_index_rebuild/ocr_pages/page-0340.json","data/work/book_index_rebuild","5879","a3eef7f10859034dc17a98cd1faeacc27698bd745ef0b52c699edb46ec58d584"
"data/work/book_index_rebuild/ocr_pages/page-0341.json","data/work/book_index_rebuild","5414","a7bfe4e3c3c699adb637da738fc4c7cd6fd639014deabb77c308c40e65839593"
"data/work/book_index_rebuild/ocr_pages/page-0342.json","data/work/book_index_rebuild","5911","245332f89e2ba1259f7b7f9503c3d42d15f71325643dfc307182b799db84e611"
"data/work/book_index_rebuild/ocr_pages/page-0343.json","data/work/book_index_rebuild","8944","b2695114004543149ca595872fdad2b9995963636a4d095b9d927af3fda47b4e"
"data/work/book_index_rebuild/ocr_pages/page-0344.json","data/work/book_index_rebuild","5362","134b9cd8d2f9c8e4a130055db00a869f349d23a77c74114d275505819453d861"
"data/work/book_index_rebuild/ocr_pages/page-0345.json","data/work/book_index_rebuild","5668","62c488068c296c0f60e2baa75cec231b4ae89926f6c7aad405062fbaac05625e"
"data/work/book_index_rebuild/ocr_pages/page-0346.json","data/work/book_index_rebuild","5593","dbc75f1e8f558e4707f868a67728f03789ff3013d8ed706c8103b03911dedeb2"
"data/work/book_index_rebuild/ocr_pages/page-0347.json","data/work/book_index_rebuild","5613","fd1c3678e07a7b3e5fb322ea0a59900bce67a4bf33f3f48c207b72c8498f547f"
"data/work/book_index_rebuild/ocr_pages/page-0348.json","data/work/book_index_rebuild","5993","66e8a8e31c8528631ca9adfebfaf9eb08161785675e0f4bb39a1a71ac0c192ee"
"data/work/book_index_rebuild/ocr_pages/page-0349.json","data/work/book_index_rebuild","5826","78730b6d2c79d89446ef7eb8862a3e53d32af0182fac229ba6af404ac28a8ae9"
"data/work/book_index_rebuild/ocr_pages/page-0350.json","data/work/book_index_rebuild","4876","b9eaa426425468cbcff44bb5c90721f88b33d9412e7ef75a703103c627774f31"
"data/work/book_index_rebuild/ocr_pages/page-0351.json","data/work/book_index_rebuild","5734","56d356a54887990d0a29ef322214246cdf7efd79ad2cfb3f8ee2fdda45b21d35"
"data/work/book_index_rebuild/ocr_pages/page-0352.json","data/work/book_index_rebuild","5078","36887cc31e1de4bdaf6e83c9c3364d762d17ba56a752a4256a32a6b96b23ffe7"
"data/work/book_index_rebuild/ocr_pages/page-0353.json","data/work/book_index_rebuild","4877","e59e33830efb26318a4fb59952b4f61296780f835b073a3e13335061163095fb"
"data/work/book_index_rebuild/ocr_pages/page-0354.json","data/work/book_index_rebuild","5564","1c56e4333ad64c5429b8eeef86fce8620468d9bbcd28a74322aaae83dd634dc9"
"data/work/book_index_rebuild/ocr_pages/page-0355.json","data/work/book_index_rebuild","4866","d2ddfdbdb685c6f72ff7cf5d2df22f31e96b2985567407f4d464881317d53374"
"data/work/book_index_rebuild/ocr_pages/page-0356.json","data/work/book_index_rebuild","5195","7ac1208abc82f5c548f2fa65c380635b489426dd42a1c2801e73ebca81ccfddf"
"data/work/book_index_rebuild/ocr_pages/page-0357.json","data/work/book_index_rebuild","4535","14fab7cf22afbfec77fa350e9424cc9c7e681bf9bd53e9e0250d22aeb6ef5b20"
"data/work/book_index_rebuild/ocr_pages/page-0358.json","data/work/book_index_rebuild","3396","9cdf6c0fc1d675ab6e7b593c9c01c67745cf0157719bb45d97eb74011cad02da"
"data/work/book_index_rebuild/ocr_pages/page-0359.json","data/work/book_index_rebuild","4867","96e22cb3dc9e92e8e95edb98e92c6b584ba89344b61eea5af0c86daa45cd9db4"
"data/work/book_index_rebuild/ocr_pages/page-0360.json","data/work/book_index_rebuild","6393","d670c73616d883ba3aca7efb80f280cecbb8636bac4c0dc64d8cc6cee101960e"
"data/work/book_index_rebuild/ocr_pages/page-0361.json","data/work/book_index_rebuild","6431","e4a52950e1d5d13abeea3bd260ce451bd0011451cd0a68d35d9cf0f50320c226"
"data/work/book_index_rebuild/ocr_pages/page-0362.json","data/work/book_index_rebuild","6429","7f0969fd708c0f51636975da4209a699fab10646eb595a925f5c05ea32b68199"
"data/work/book_index_rebuild/ocr_pages/page-0363.json","data/work/book_index_rebuild","6280","24eacdfc10ffb2533407848a014c44df8a6658b71b39952da6b8e877c960b4f6"
"data/work/book_index_rebuild/ocr_pages/page-0364.json","data/work/book_index_rebuild","6300","46fc63bb168bdd2cb0a7655f4ed132cf5fa1648d905738a4e5fdc3d693339f5c"
"data/work/book_index_rebuild/ocr_pages/page-0365.json","data/work/book_index_rebuild","6082","ee6f28f0d5094ba34f6126196b7be9d72ea686db5589305c7126c8b191bc6feb"
"data/work/book_index_rebuild/ocr_pages/page-0366.json","data/work/book_index_rebuild","6266","8cf70a9ad993a263922d85ae1dd1151d009588a9fda6d8b6a2d980d4ae2daeee"
"data/work/book_index_rebuild/ocr_pages/page-0367.json","data/work/book_index_rebuild","6632","a2675b56e22a95231fef9276fdb18c46d992de5ebeeb3e47c9660b3648952ca3"
"data/work/book_index_rebuild/ocr_pages/page-0368.json","data/work/book_index_rebuild","6289","8464ea081b60af84bc4cae89fe7679d3cffcecaa8c264f1d58c74d070b27dc3d"
"data/work/book_index_rebuild/ocr_pages/page-0369.json","data/work/book_index_rebuild","6676","a082fa69d1a369a8869420f190143d16c402abc87a1db95c1fb16485a396e922"
"data/work/book_index_rebuild/ocr_pages/page-0370.json","data/work/book_index_rebuild","6446","ac1e0cd472e26d38cc19507d85532538aba57d96c060b5eda46cfe1c0d1644e2"
"data/work/book_index_rebuild/ocr_pages/page-0371.json","data/work/book_index_rebuild","6537","4bdb736c7323cbbc2aba6f9d769c558099c3e553c7281f423a19e034296a7332"
"data/work/book_index_rebuild/ocr_pages/page-0372.json","data/work/book_index_rebuild","3520","3311fc19ebd48113bfef07d124aaa0b7f6d31ef8b78b25f37239dbca6481c041"
"data/work/book_index_rebuild/ocr_pages/page-0373.json","data/work/book_index_rebuild","809","51a3ba898476add236ec3040133ceb9c987160596fd49eba7ea13e72d4533738"
"data/work/book_index_rebuild/ocr_pages/page-0374.json","data/work/book_index_rebuild","5045","8354f59a16d07ac8b660985506e39d5441ecd64e797a348a641d37759fd94678"
"data/work/book_index_rebuild/ocr_pages/page-0375.json","data/work/book_index_rebuild","6628","ffe0ee7acaa962a7a4ca3a07ef670a0b21b28c8c54532d7e755bae23ba8ed086"
"data/work/book_index_rebuild/ocr_pages/page-0376.json","data/work/book_index_rebuild","6745","1d0c8d642f33d7bdeed9f97250df33c68b7c4c9f7d4d360fcbffd0edfbb51479"
"data/work/book_index_rebuild/ocr_pages/page-0377.json","data/work/book_index_rebuild","6199","330a4ced8dc6f027a767cf46ce03e685515a55457e9d38770729169ab3827f26"
"data/work/book_index_rebuild/ocr_pages/page-0378.json","data/work/book_index_rebuild","6119","d748f676c2f5c64f65e503a7d734b15568e3b5fce85fa66d6fb3cda4fe07a7f9"
"data/work/book_index_rebuild/ocr_pages/page-0379.json","data/work/book_index_rebuild","5460","880ae3c33eb62ff934db183f7529cc1ee242562695d76596ade461a24a350bc7"
"data/work/book_index_rebuild/ocr_pages/page-0380.json","data/work/book_index_rebuild","4935","ddb128868b4d124072ac8dc01051f001935c445897cd56ea06817400bb72aa02"
"data/work/book_index_rebuild/ocr_pages/page-0381.json","data/work/book_index_rebuild","6301","1d2ea7246165d59b834f5ed6ce07bf5d1367601a62da92cd916c16f7b62e494c"
"data/work/book_index_rebuild/ocr_pages/page-0382.json","data/work/book_index_rebuild","5490","4e4c92db37247da036793ffcea38ae595e371530cf7946eed7fe61ad22e5cd22"
"data/work/book_index_rebuild/ocr_pages/page-0383.json","data/work/book_index_rebuild","5472","0bbc7a4716848f017858a74983adf05eac583c80298841c003131447f8c2b07f"
"data/work/book_index_rebuild/ocr_pages/page-0384.json","data/work/book_index_rebuild","5561","b9d827a263ae60b5fb9a69b7db0b57e3d8a9a3a165c8eeeb1a5ad7de3be9f407"
"data/work/book_index_rebuild/ocr_pages/page-0385.json","data/work/book_index_rebuild","5081","36090d3f3afea99a9f197b8003e423ae5133cc166d3748ea820fc11057f9c09a"
"data/work/book_index_rebuild/ocr_pages/page-0386.json","data/work/book_index_rebuild","4442","262fa7e9104fef567256473dbef13ec8db41075206f95e14e6c2d681466ace20"
"data/work/book_index_rebuild/ocr_pages/page-0387.json","data/work/book_index_rebuild","4414","1b97023fd22b21e452f12f4825a80df7a3f367533009627be35d95ff44de1a80"
"data/work/book_index_rebuild/ocr_pages/page-0388.json","data/work/book_index_rebuild","5231","ab6e02cdb8cbe15e1e78cee54b7ecbc9d16881d15ad5c6c6fd553c34d721491a"
"data/work/book_index_rebuild/ocr_pages/page-0389.json","data/work/book_index_rebuild","4848","6badcf34b02dae531a90f29f1059a66595625d5c9e18777aebbff59c8dc48df3"
"data/work/book_index_rebuild/ocr_pages/page-0390.json","data/work/book_index_rebuild","4490","6d764e657a7831e16437fa0008a35a14ea695d211f709ba570c9c65da34483e6"
"data/work/book_index_rebuild/ocr_pages/page-0391.json","data/work/book_index_rebuild","5306","c9c2d98ccc30e433a35295dd45b5166dd0f3cee6170b990c4b1efebf9d2490cb"
"data/work/book_index_rebuild/ocr_pages/page-0392.json","data/work/book_index_rebuild","4472","93aac5f25f20e213d43ff90edfdf75a74bbe8826cf5bb41e8cb33e05709b4096"
"data/work/book_index_rebuild/ocr_pages/page-0393.json","data/work/book_index_rebuild","3913","369d0176b0d43c91c807be4c96f7494f8f29e3de599eadeee152eea84f5ed022"
"data/work/book_index_rebuild/ocr_pages/page-0394.json","data/work/book_index_rebuild","5800","938febe8694688726729c7c01d0cd2c924bf545778a1b74357e79e159759d18f"
"data/work/book_index_rebuild/ocr_pages/page-0395.json","data/work/book_index_rebuild","4328","25b74776a0279cd1216363c6aae3051d0a9b1f5f8020a7e2b6f8b0a33ccc1783"
"data/work/book_index_rebuild/ocr_pages/page-0396.json","data/work/book_index_rebuild","4511","e7e771ccba12939d492370e242d83bbf0cbbdae7139b2054505b6f45993197f0"
"data/work/book_index_rebuild/ocr_pages/page-0397.json","data/work/book_index_rebuild","5729","fbab2d336f9458b634d31b6019880da2df07990699fc410a909f91eff2233a79"
"data/work/book_index_rebuild/ocr_pages/page-0398.json","data/work/book_index_rebuild","3829","2e5933555d99a89301e3c041e5959096ba85866de71c64c14a5f1f53dc03f024"
"data/work/book_index_rebuild/ocr_pages/page-0399.json","data/work/book_index_rebuild","6156","ec2b312ddb927481a743c80f4b84a2b969383092d91d3d45020b9240c371923b"
"data/work/book_index_rebuild/ocr_pages/page-0400.json","data/work/book_index_rebuild","3087","02340c0c43bc4d9fd83aa7a3bccccf947843123bc9f6ec9c3ebb93d8247c7f71"
"data/work/book_index_rebuild/ocr_pages/page-0401.json","data/work/book_index_rebuild","3430","41bad81513f939dbb91aa275fd1e0b1043dfb9bb435b33ac5fdc4673a7714162"
"data/work/book_index_rebuild/ocr_pages/page-0402.json","data/work/book_index_rebuild","5377","bc89b6fbba7b302e08ebe673fc9cf32aac5f22eb89e7f9460207a00ba063dae0"
"data/work/book_index_rebuild/ocr_pages/page-0403.json","data/work/book_index_rebuild","6455","06f7e3cba5907f1369c4e0927ac801d95da4587eaa51f38b8c2a98ffadf16bbb"
"data/work/book_index_rebuild/ocr_pages/page-0404.json","data/work/book_index_rebuild","6302","b572fc75defdfbef3b3110a18079f257946ca4d08d072e50c8c8521371eded0f"
"data/work/book_index_rebuild/ocr_pages/page-0405.json","data/work/book_index_rebuild","6093","7327b8511c48162ecf555da2b1e7c95303ad6587fce90c6ffd1e658c1dacde3a"
"data/work/book_index_rebuild/ocr_pages/page-0406.json","data/work/book_index_rebuild","6089","ca975d5351a0932993a302c0ab176a3becf16ef4d8e333701e02b8cec1369626"
"data/work/book_index_rebuild/ocr_pages/page-0407.json","data/work/book_index_rebuild","6422","4e7016b56bff6f9ac169ec719af9ece5b05f1709ec5448a592d70cc1b63ba0ee"
"data/work/book_index_rebuild/ocr_pages/page-0408.json","data/work/book_index_rebuild","6423","a7f77687328bf23d885f781774a7d35187ef1c663cb7c8495b80d659ca1c8bf0"
"data/work/book_index_rebuild/ocr_pages/page-0409.json","data/work/book_index_rebuild","6521","9fd3c3b4bf76284ec61a792d42d8c87e0cd1af15bdff1e618dcbd198d439b67a"
"data/work/book_index_rebuild/ocr_pages/page-0410.json","data/work/book_index_rebuild","5953","33f5b50b6317aef7fc701de779a989972ec75b7f58214dc0ba553ced8bbb74cf"
"data/work/book_index_rebuild/ocr_pages/page-0411.json","data/work/book_index_rebuild","4485","666fafff60c41b1dfd72363deb3ea382414e2ee29a272e6ce2f5c73435c8507c"
"data/work/book_index_rebuild/ocr_pages/page-0412.json","data/work/book_index_rebuild","651","6d0fa824dd00e3540ea2e9d7caebb6ee387894bc608a2ea4e87d91a5acb7517f"
"data/work/book_index_rebuild/ocr_pages/page-0413.json","data/work/book_index_rebuild","10281","e20758a4f68e502e6a1a13facca1e2f2fa7ca137095b0945f003f10632a5969c"
"data/work/book_index_rebuild/ocr_pages/page-0414.json","data/work/book_index_rebuild","5407","34c6223dbb693ff644c16152755a3f68c4bb2c19e2e2cd77d3a1e2b879258aec"
"data/work/book_index_rebuild/ocr_pages/page-0415.json","data/work/book_index_rebuild","5655","9880c8e0b48bdb2042d9c1439b747b4b91b675465f2791771c3935ff934d9186"
"data/work/book_index_rebuild/ocr_pages/page-0416.json","data/work/book_index_rebuild","5142","3ccd62c1e7259ba6b5eb7793ba7fedec71b810a2ab4364af0d86b659e23abc5f"
"data/work/book_index_rebuild/ocr_pages/page-0417.json","data/work/book_index_rebuild","5888","1a115b7bcde889d6037b9d8b8e8935953e3a3ec9ca71cf7758ae9e86fc37be94"
"data/work/book_index_rebuild/ocr_pages/page-0418.json","data/work/book_index_rebuild","5899","e8eb5c500b86b7e1805b263198c2eb1cab7fc8683bb3b117d849dde7880e3738"
"data/work/book_index_rebuild/ocr_pages/page-0419.json","data/work/book_index_rebuild","5261","3f6a1c33ef4ead004349e7c0f25c5b8c47217b732ec6856015a134b5a5debc2b"
"data/work/book_index_rebuild/ocr_pages/page-0420.json","data/work/book_index_rebuild","5493","5224c9f7838b6d124d137d519de218a421c489fe6b0ee1a274a5ef2b8d2522d3"
"data/work/book_index_rebuild/ocr_pages/page-0421.json","data/work/book_index_rebuild","5042","684f253f0cd7a38ebf5a4f80ff26c940052a63eaa3b2836118e24c8eba156934"
"data/work/book_index_rebuild/ocr_pages/page-0422.json","data/work/book_index_rebuild","5122","a76c16e4328f4b8cbb9328dbcc6c9a7e004d0b8b29b83e2d750c1a646cbbe8cd"
"data/work/book_index_rebuild/ocr_pages/page-0423.json","data/work/book_index_rebuild","6141","af20745d17974c9cf9bd061847688dd2b5ee3d3ae9a73ca3de4d284a6a333f65"
"data/work/book_index_rebuild/ocr_pages/page-0424.json","data/work/book_index_rebuild","5577","bd8a199496309114f0038df778f17d0490137c828a03e038a9082a37dabb7968"
"data/work/book_index_rebuild/ocr_pages/page-0425.json","data/work/book_index_rebuild","5240","f4320fb03bf1c79cc003e7955468650d2b8adaa07920bbfd6c99ed8b6638ea30"
"data/work/book_index_rebuild/ocr_pages/page-0426.json","data/work/book_index_rebuild","5171","9b8cc6c738e7eecb02e302ce831034a98b7324360900fead68b08058f375160b"
"data/work/book_index_rebuild/ocr_pages/page-0427.json","data/work/book_index_rebuild","4999","9d8becba081e472a95539855443a0d0397da4de2f06f4e09877e7d52ad9890c3"
"data/work/book_index_rebuild/ocr_pages/page-0428.json","data/work/book_index_rebuild","4821","eca77d0003f07a0b5ec8cdddf71b25147ef0672a50f2d5971963c7af37718290"
"data/work/book_index_rebuild/ocr_pages/page-0429.json","data/work/book_index_rebuild","5678","9559f885aca515c71f95899638dcc37637c83d374e552ee9023154a019a2e7b2"
"data/work/book_index_rebuild/ocr_pages/page-0430.json","data/work/book_index_rebuild","4738","a701bec5fc862a74b704bea49c064a08779d9e1003bb2e5fab3a6f22d4abb137"
"data/work/book_index_rebuild/ocr_pages/page-0431.json","data/work/book_index_rebuild","4773","891986065b2105bc5572bfd19c4770352277938727031d52f83fe8e23624c1fb"
"data/work/book_index_rebuild/ocr_pages/page-0432.json","data/work/book_index_rebuild","5472","a4c62bcde78d591ed975040f445a1792344b66e968d72234bf382833966b142d"
"data/work/book_index_rebuild/ocr_pages/page-0433.json","data/work/book_index_rebuild","5798","7ff40bea6953a91e7a79b7b5f16e6c488ecf8d579b4694868829f2267fb90680"
"data/work/book_index_rebuild/ocr_pages/page-0434.json","data/work/book_index_rebuild","5575","5fe3daeb10d4e5bb7da23b34dc601a26f4ea16f3b30f0431b7d7f2cdffe37c26"
"data/work/book_index_rebuild/ocr_pages/page-0435.json","data/work/book_index_rebuild","4625","fe3988062279e3e669d6ede2ccea6da6f14d061c32965f9c2a323746ba8e913c"
"data/work/book_index_rebuild/ocr_pages/page-0436.json","data/work/book_index_rebuild","5240","d8fe8a8c6af40461caa46bd58190ccfe623f4be10e6f6459bed354e33f4e2e35"
"data/work/book_index_rebuild/ocr_pages/page-0437.json","data/work/book_index_rebuild","5804","b408d91a70f8d04acf3abdfba1d5ac35b7316adca190ff74de7e47df7d33b984"
"data/work/book_index_rebuild/ocr_pages/page-0438.json","data/work/book_index_rebuild","5353","08666e9ba0470a2462dc28a79f05388942f2a197fd9bd1fe18f1eaa2509d0b65"
"data/work/book_index_rebuild/ocr_pages/page-0439.json","data/work/book_index_rebuild","7816","a7dd4a66ee73fef4e736d8c9cbf739b3fd549c10c774d06793c45efdd79f5250"
"data/work/book_index_rebuild/ocr_pages/page-0440.json","data/work/book_index_rebuild","5507","22d758299a630d5fee46f974ffe07c8bc8f64ef6e5cbff807d0da32a78e4d93b"
"data/work/book_index_rebuild/ocr_pages/page-0441.json","data/work/book_index_rebuild","6399","6208632d1c1e5b39f46b253a5616dec11a3fccdf9b789a67cc8d86e9ff6df256"
"data/work/book_index_rebuild/ocr_pages/page-0442.json","data/work/book_index_rebuild","6307","34373c111d2b6872bcff2b9ba4980b66616c8fe686d06405f6f4ce372d27f14a"
"data/work/book_index_rebuild/ocr_pages/page-0443.json","data/work/book_index_rebuild","6519","088ed31274f90f3ec0562e0180ea79141fd737576fc961ff4e909dcff5ea14e9"
"data/work/book_index_rebuild/ocr_pages/page-0444.json","data/work/book_index_rebuild","6453","ef5cbcc82cb4d0b2dd2be0757417dc7f830abfd9b4188aab7e3130c1ffa4c75e"
"data/work/book_index_rebuild/ocr_pages/page-0445.json","data/work/book_index_rebuild","702","b0f98a5e8d1176c777043de3fdf0182fdef4a59640d4657cc61d5b826a4e9878"
"data/work/book_index_rebuild/ocr_pages/page-0446.json","data/work/book_index_rebuild","5841","8873f60ceeadfb499bb2c4fc9479ae57f75a61f6bcc105e1a168efd51da5e9ba"
"data/work/book_index_rebuild/ocr_pages/page-0447.json","data/work/book_index_rebuild","4682","5f4dcca9580a7a3d74ada8639e03115ecfa598ec9db0b64941c6ee56cbd8940c"
"data/work/book_index_rebuild/ocr_pages/page-0448.json","data/work/book_index_rebuild","5669","4a9bba1bf0858933c003a4dc0e6cd805b96a6c87e70739904108b120378bc4ee"
"data/work/book_index_rebuild/ocr_pages/page-0449.json","data/work/book_index_rebuild","5419","3059922ebf884e47451f2e2069e4b8bea848d7c143a039fa4b7ab051c30909b2"
"data/work/book_index_rebuild/ocr_pages/page-0450.json","data/work/book_index_rebuild","5180","cdac232b80fed29e04dcb3e408eeb37b69c9d318831ab09f149313496a77ffc6"
"data/work/book_index_rebuild/ocr_pages/page-0451.json","data/work/book_index_rebuild","5767","a7ce1eacd478fd1c73843ebb8a5ad1e4631b5ab5131cf2e4ee30d9b944890e86"
"data/work/book_index_rebuild/ocr_pages/page-0452.json","data/work/book_index_rebuild","5494","ddaa6002f45a42c6ae20fe2e975f2068961374b3f1c2886721471b8bd8fbebe4"
"data/work/book_index_rebuild/ocr_pages/page-0453.json","data/work/book_index_rebuild","5618","7b578c028e1edc55bdaf8279ae67be1d477fe83d110136680b6ee9caba61eabd"
"data/work/book_index_rebuild/ocr_pages/page-0454.json","data/work/book_index_rebuild","5952","7ace15bee487ad58ce4a197fd7925ec6bd7838900886ea30a392beeabe65e620"
"data/work/book_index_rebuild/ocr_pages/page-0455.json","data/work/book_index_rebuild","5684","059868aa99a105aa74b56667ab32f9abaa8d9bc035a7eed36727194af460b736"
"data/work/book_index_rebuild/ocr_pages/page-0456.json","data/work/book_index_rebuild","5282","b2ccd52139b6ebcdc338d7dcb78f5e655ba4c556a2303bdbb556dfe66e6ebcb2"
"data/work/book_index_rebuild/ocr_pages/page-0457.json","data/work/book_index_rebuild","5242","88d0393c79d570ea05cc3599f7d6be9f282f6520a7ed57e95be7c45b1c66ea25"
"data/work/book_index_rebuild/ocr_pages/page-0458.json","data/work/book_index_rebuild","5302","5f17662bf225cef7299ef8afb023bc76ac1e78d69854ab3a5c84c597a09f397a"
"data/work/book_index_rebuild/ocr_pages/page-0459.json","data/work/book_index_rebuild","4755","676113dab939d28568ed620c3e063327ec1b87429ff8107e296cdfeb011da946"
"data/work/book_index_rebuild/ocr_pages/page-0460.json","data/work/book_index_rebuild","6019","a0b3d7d8d818cabcd9417717b3cf4491cd9671f52f5f348f7d99e589d01faae3"
"data/work/book_index_rebuild/ocr_pages/page-0461.json","data/work/book_index_rebuild","5981","a7b145767be6d2ab8083a82173b077187af10436487b28a9d8179489b8d082d4"
"data/work/book_index_rebuild/ocr_pages/page-0462.json","data/work/book_index_rebuild","5633","7f2fa5532f6a65790319b39f8850f1baab2a33289ac5421f8bdf8051d0b4c309"
"data/work/book_index_rebuild/ocr_pages/page-0463.json","data/work/book_index_rebuild","5692","44fb56b086f24c0d53bb47341ff80b5fd2250da3008961b3b7dd16305bdd79c8"
"data/work/book_index_rebuild/ocr_pages/page-0464.json","data/work/book_index_rebuild","5406","684bd63623a3d93526699fb7164fab912834f75bbd93af9d08eacb8e72de6615"
"data/work/book_index_rebuild/ocr_pages/page-0465.json","data/work/book_index_rebuild","5656","83f617b51e0022b678efbf6efe544064665b2715a1e3d859f3f74e621be98158"
"data/work/book_index_rebuild/ocr_pages/page-0466.json","data/work/book_index_rebuild","5541","1a6d50ff4b86cc35ea1bd70ce2be936cfff26504df8cf3a29d801abde417fbe4"
"data/work/book_index_rebuild/ocr_pages/page-0467.json","data/work/book_index_rebuild","5281","6db4a40df9a85f1db4e213d1b9686d6daacaf56d03ddbcc0f5a80d6d35a4f803"
"data/work/book_index_rebuild/ocr_pages/page-0468.json","data/work/book_index_rebuild","5043","787b954e04c623a127c3555d22fd6526150a8460bf646665a10a78a81551095f"
"data/work/book_index_rebuild/ocr_pages/page-0469.json","data/work/book_index_rebuild","5410","ccfdff30c64712a853339c74edaa2965400928db15033616863e8a7a18c70196"
"data/work/book_index_rebuild/ocr_pages/page-0470.json","data/work/book_index_rebuild","3873","93957e6a746550b070b36ac01577db0645a1a23369abbad518b882e4543daa88"
"data/work/book_index_rebuild/ocr_pages/page-0471.json","data/work/book_index_rebuild","5523","4e9dae436ca18b2fe1f0c7df9631733223381f188f1c90f42b4389b752ffdff7"
"data/work/book_index_rebuild/ocr_pages/page-0472.json","data/work/book_index_rebuild","5165","9ebec1a665f7415350d2cad94e4a29d464eb81b3df06323b24872b1e5cf8746a"
"data/work/book_index_rebuild/ocr_pages/page-0473.json","data/work/book_index_rebuild","5738","5d0f99ca95fee686cc36849ca70be29a1cd2cbcfff4eb994b34255c39069bb49"
"data/work/book_index_rebuild/ocr_pages/page-0474.json","data/work/book_index_rebuild","5149","9b0318e215efbd01aea0c8deccf6fe42ef89cadb246ec95e1cfc3de2c0cc2fdb"
"data/work/book_index_rebuild/ocr_pages/page-0475.json","data/work/book_index_rebuild","5704","30323467e60e4c15aaac1f15fcfbf25e4489355e69aa0202c400ce130343a5ed"
"data/work/book_index_rebuild/ocr_pages/page-0476.json","data/work/book_index_rebuild","8971","f7f0528b2a86e4cea7a38e2a49a3515cede3596aa1787d5e046c3bfb288c86c8"
"data/work/book_index_rebuild/ocr_pages/page-0477.json","data/work/book_index_rebuild","6536","d0c9e4794bb2fb26315ca58ca57cd0416c9e196b57ebc5250dbe39afbad26ea8"
"data/work/book_index_rebuild/ocr_pages/page-0478.json","data/work/book_index_rebuild","5976","da12e187bc4d421ac92bbbee38cf4bc8995bcd4561dbd9516074a9cc1da5b227"
"data/work/book_index_rebuild/ocr_pages/page-0479.json","data/work/book_index_rebuild","6513","e366d07c1537ee992e265a0c9cbe10acee30ab0c107ec831e419f0cc75abf1ac"
"data/work/book_index_rebuild/ocr_pages/page-0480.json","data/work/book_index_rebuild","5293","bee167c66ea2b360dfaa4135651e14f0ea8537a5293c3140ae22c61b9da1b04a"
"data/work/book_index_rebuild/ocr_pages/page-0481.json","data/work/book_index_rebuild","4870","e8868d69e1be0b054e08876183e85657fd0c0933b714c9ab34994050a23156af"
"data/work/book_index_rebuild/ocr_pages/page-0482.json","data/work/book_index_rebuild","5039","a075c6888739b3d68564363a469d94086c3d0d64d443424705d745272133b6e8"
"data/work/book_index_rebuild/ocr_pages/page-0483.json","data/work/book_index_rebuild","4050","465e87b99fe46d6a7195736a20179669b08a5d084e4d6f5c4025445011752018"
"data/work/book_index_rebuild/ocr_pages/page-0484.json","data/work/book_index_rebuild","5087","969f7449a2d29f5e9fc49243f077af0dbb1b0cc2a97432dc7820ceb6fae32998"
"data/work/book_index_rebuild/ocr_pages/page-0485.json","data/work/book_index_rebuild","6374","27393b5be7d0d759488b348c19a1822d10e4ce7f5c3bf0743201108de9c244e1"
"data/work/book_index_rebuild/ocr_pages/page-0486.json","data/work/book_index_rebuild","6377","dc5dc6891717c42586e0408da74f0b8726ae55d595a4ec9079801bc6f18afe1b"
"data/work/book_index_rebuild/ocr_pages/page-0487.json","data/work/book_index_rebuild","6284","d51b2ef5a5fb8881223d4c0685c302d74fb712c696f6540d3c0ceba10f1318ee"
"data/work/book_index_rebuild/ocr_pages/page-0488.json","data/work/book_index_rebuild","6236","2ece16467169ae4d3753cb9cbb5f18f2917e743a87df4812c50bf80cf5384d7a"
"data/work/book_index_rebuild/ocr_pages/page-0489.json","data/work/book_index_rebuild","6534","538ed419ba2009b9acf7d3700c6733f47d04bed6a11b3681effc543888c3ce1d"
"data/work/book_index_rebuild/ocr_pages/page-0490.json","data/work/book_index_rebuild","6476","b2713841b34cba3b82b07c8c21ef49e260495388bbdc0ad18d94a60ae5b14020"
"data/work/book_index_rebuild/ocr_pages/page-0491.json","data/work/book_index_rebuild","6438","0ff42d3f17fa0a01c685a1c992d7e42719cde54c2c9032e139c4c9eee4faab19"
"data/work/book_index_rebuild/ocr_pages/page-0492.json","data/work/book_index_rebuild","6553","dcd938e1463ea0d98fc047c07bd97a3a8a197db5cd3e889248ce4993b9d0ec6b"
"data/work/book_index_rebuild/ocr_pages/page-0493.json","data/work/book_index_rebuild","6572","35690cc44ba1e1e966816a1fa80c1695183d7d79c8ad0f37e99f74edf16d1ef3"
"data/work/book_index_rebuild/ocr_pages/page-0494.json","data/work/book_index_rebuild","6676","2e80534bec85522ab62beecbae589e9acdb75633114d1ba097f8e2a6e4a35e6c"
"data/work/book_index_rebuild/ocr_pages/page-0495.json","data/work/book_index_rebuild","6454","d58479dd91d6074da2f2739b0c2f2087ff49ef53876b54bad924e7119edc3abd"
"data/work/book_index_rebuild/ocr_pages/page-0496.json","data/work/book_index_rebuild","6084","541ed321cd4ed273ad2d0d9f9efce031de41bed3a0a7053e975df62d79e7892f"
"data/work/book_index_rebuild/ocr_pages/page-0497.json","data/work/book_index_rebuild","6521","a88a4ff7e81eece961d673dde2cda9b172d574f33b6396be70d457c6272bd842"
"data/work/book_index_rebuild/ocr_pages/page-0498.json","data/work/book_index_rebuild","6302","c835079f36d9827fdec228bbe883b92249b3abc524bcec0972e9c6fab20705e4"
"data/work/book_index_rebuild/ocr_pages/page-0499.json","data/work/book_index_rebuild","6320","09619be82268ca8b0806bcdec795a81fb63aba9cff3aac97cf47058ee2829127"
"data/work/book_index_rebuild/ocr_pages/page-0500.json","data/work/book_index_rebuild","6315","7da8b0d73ff502e9b7f04b0d7935936f4dd1d56d9bb55520df973bad41d8667a"
"data/work/book_index_rebuild/ocr_pages/page-0501.json","data/work/book_index_rebuild","1171","91fbaa23636c9efc792d48fd42086c5c808d09a640f456c953d6b4b4d11db4b4"
"data/work/book_index_rebuild/ocr_pages/page-0502.json","data/work/book_index_rebuild","1355","a2c1953dca2e5b2d75471745fb6e669808c1f09df8d2daf9f4ff54db655cd35f"
"data/work/book_index_rebuild/ocr_pages/page-0503.json","data/work/book_index_rebuild","5978","e267a523a08f0b11e01a86bca79b287866cb8fb2a4bcf499b3d5775e119ca8ae"
"data/work/book_index_rebuild/ocr_pages/page-0504.json","data/work/book_index_rebuild","12290","bd5e30c012e5db0f97c1a23ad9734066ae67d05e827c0207bf95ddaf4f843131"
"data/work/book_index_rebuild/ocr_pages/page-0505.json","data/work/book_index_rebuild","4562","45e42fb48f315d95b2d89606ed26841d28d0a5d0fdf09514aefdab10c64a0ca0"
"data/work/book_index_rebuild/ocr_pages/page-0506.json","data/work/book_index_rebuild","4514","24dce1dd92b102b7172334f2d4e5cfbea5ca5d43b094399c2bda048f81ff47fc"
"data/work/book_index_rebuild/ocr_pages/page-0507.json","data/work/book_index_rebuild","5756","3c3f3d0c954df62f0883e9a4b70d0b57180d747661bef564153bc07e92f2de91"
"data/work/book_index_rebuild/ocr_pages/page-0508.json","data/work/book_index_rebuild","4094","e9274557b58822ab5969a52627b2322b7fae64ce625216defd37ea11b68f4b73"
"data/work/book_index_rebuild/ocr_pages/page-0509.json","data/work/book_index_rebuild","5023","e648cf611c54af229ac9d7523acf136632bbeaf1205a6c128c983ee48ae4794e"
"data/work/book_index_rebuild/ocr_pages/page-0510.json","data/work/book_index_rebuild","5094","6820d8cc3c25057dcffd18a95b8b1974bef436da4f80f43da256a7268fbdc448"
"data/work/book_index_rebuild/ocr_pages/page-0511.json","data/work/book_index_rebuild","4377","bfc0a6e1d56dffb395949bee1b837801a650d1f08bacca483ed69a3b4784c728"
"data/work/book_index_rebuild/ocr_pages/page-0512.json","data/work/book_index_rebuild","4985","851b0aedad6b5e529564271e62414f92c379e5d28b059ed52beed1a90789529a"
"data/work/book_index_rebuild/ocr_pages/page-0513.json","data/work/book_index_rebuild","4935","3d32b82aad0db73f784cdd6b59e2e350e39062cb5776ba2e4348b9ed4c030e04"
"data/work/book_index_rebuild/ocr_pages/page-0514.json","data/work/book_index_rebuild","5329","81cf916a5c87ddf4a85259483de757b9cca6618efbdd3b9122328baa6dbcb2a9"
"data/work/book_index_rebuild/ocr_pages/page-0515.json","data/work/book_index_rebuild","5232","a9e08d641d04ee130be79f0c8014cb28886bc19f3a6a13e4b37c4a961d348e9c"
"data/work/book_index_rebuild/ocr_pages/page-0516.json","data/work/book_index_rebuild","5256","e4a027d9571c0b43cd8c684b3028e45a75d907f8d9dbaa3b4cf0298126b6b3a1"
"data/work/book_index_rebuild/ocr_pages/page-0517.json","data/work/book_index_rebuild","5049","a292d34a34ba1d6ed952ce22dc95d3ee85c68165dc680f9842d6a4ec92e62434"
"data/work/book_index_rebuild/ocr_pages/page-0518.json","data/work/book_index_rebuild","5489","f4a2e840187920315c9c0b697c2a3bf38350d9d60c877a37d6980542b6bc45e6"
"data/work/book_index_rebuild/ocr_pages/page-0519.json","data/work/book_index_rebuild","5272","fd8bb63604e9a0df23e66ca1573c5ba9a92d05d483f8a7c77b480c03f1ad0ab2"
"data/work/book_index_rebuild/ocr_pages/page-0520.json","data/work/book_index_rebuild","5187","7e105cd9b58bfd714a1593561dac6f10ca6abb684ce09366d2056c615ceb4e99"
"data/work/book_index_rebuild/ocr_pages/page-0521.json","data/work/book_index_rebuild","4770","d30476184240f2eb334595313d8143f708f1192e38803ed6020e9a572b35a6ac"
"data/work/book_index_rebuild/ocr_pages/page-0522.json","data/work/book_index_rebuild","5739","0e314bf2199f030a571cc1193a0a360826f6cab67db3252d7c60c00d558ce6fe"
"data/work/book_index_rebuild/ocr_pages/page-0523.json","data/work/book_index_rebuild","5078","b70c3b6dcf4760d31a10ff4c9d678446797bd37bae41903093ed979539a7283e"
"data/work/book_index_rebuild/ocr_pages/page-0524.json","data/work/book_index_rebuild","5288","9dae41d2fccba14bb238faed3b319cedeaaaf0cb1a92568fc3c5b9fadc031164"
"data/work/book_index_rebuild/ocr_pages/page-0525.json","data/work/book_index_rebuild","5608","0d9e9c42f29405c61725b9322ef2f4e6bac15580e951a3a273fe64db7cbd96a3"
"data/work/book_index_rebuild/ocr_pages/page-0526.json","data/work/book_index_rebuild","5224","b0d09c821fd44a3844e33d8a99b13fa9972d63fa25c424e70aefa233e2ce23f2"
"data/work/book_index_rebuild/ocr_pages/page-0527.json","data/work/book_index_rebuild","4490","a00341ab7af018378d1ffd403508679f088262dd65541ab35524f36eef2ab1be"
"data/work/book_index_rebuild/ocr_pages/page-0528.json","data/work/book_index_rebuild","4752","6c5e1dc7139617b04c3d01d0aa253d03ba8d45f041ccb3938014fbbd662951b9"
"data/work/book_index_rebuild/ocr_pages/page-0529.json","data/work/book_index_rebuild","4052","271a455fa750269eb7f11d86b1b67613c4fab2989a770e72aaccbe8708f72316"
"data/work/book_index_rebuild/ocr_pages/page-0530.json","data/work/book_index_rebuild","4101","6a7e38fd59b7acecb7e4faaab43d43a1ad5a4d6693e549bbc386890d9d7d6404"
"data/work/book_index_rebuild/ocr_pages/page-0531.json","data/work/book_index_rebuild","5116","328545a63750ef92ff3517fa122e56b3a381d0766fb8b89439a7314e091f36b1"
"data/work/book_index_rebuild/ocr_pages/page-0532.json","data/work/book_index_rebuild","6070","a24073ff4067af198adc3a5736a395ab88141d1dd47bab203d04d5482400668f"
"data/work/book_index_rebuild/ocr_pages/page-0533.json","data/work/book_index_rebuild","6330","3f7400ad7ed2cd50c2f029e0cbd4df8fb0ff770054a301524aef3217338d137f"
"data/work/book_index_rebuild/ocr_pages/page-0534.json","data/work/book_index_rebuild","5680","f13e8c743279b95a8bff84552e682cc5e87501a32088aa5b40e045a5848f54b9"
"data/work/book_index_rebuild/ocr_pages/page-0535.json","data/work/book_index_rebuild","4958","7c32166795678ec32b8fd5f4760b5621f189485c88f7730ea30266b3d28de9e1"
"data/work/book_index_rebuild/ocr_pages/page-0536.json","data/work/book_index_rebuild","5844","2ef301dd58d8e5c46235c466d745d624af48a212a5692ff3101f9620cf1ab321"
"data/work/book_index_rebuild/ocr_pages/page-0537.json","data/work/book_index_rebuild","5487","2738f58b7abdb4c97f4a1c7f62128a7e3493e1b56e06e16bc1cb4a7e05f82b73"
"data/work/book_index_rebuild/ocr_pages/page-0538.json","data/work/book_index_rebuild","4729","8366c06b5d4f2cb378774ec514cafbb9024fd8443f216672682d91d66cfe6817"
"data/work/book_index_rebuild/ocr_pages/page-0539.json","data/work/book_index_rebuild","5036","83ec9b1981a42998d8fac8ffa64c7d8f497e57aa6876b01926d24db2168f4775"
"data/work/book_index_rebuild/ocr_pages/page-0540.json","data/work/book_index_rebuild","5061","15f6f2ae1e9a7d7f45f12a7c4fe846e4fe9f166db4dbbb93ae6ea23b8cb1aa1f"
"data/work/book_index_rebuild/ocr_pages/page-0541.json","data/work/book_index_rebuild","4706","32a27cdc9867bc1310311e383b4a073f40250176fe9e76e997a5243977e46dc8"
"data/work/book_index_rebuild/ocr_pages/page-0542.json","data/work/book_index_rebuild","4784","4b61a3cca893465a82bcfcf175812183b52c64e5bc59bf78a53ec210cc0be4de"
"data/work/book_index_rebuild/ocr_pages/page-0543.json","data/work/book_index_rebuild","4529","882c5e4e138bc4a9aae6463ee4ab5432424681892c4f9b26f39c3e9bd372246a"
"data/work/book_index_rebuild/ocr_pages/page-0544.json","data/work/book_index_rebuild","5162","7d665d7a7903cc9ec94d4523ea45df71c3129e7a8f70988f16bee9112907b427"
"data/work/book_index_rebuild/ocr_pages/page-0545.json","data/work/book_index_rebuild","4517","c90651cdc8f00bd9b325e6e80f07d188a1280ee8e35d4e48756ca8f7adf54176"
"data/work/book_index_rebuild/ocr_pages/page-0546.json","data/work/book_index_rebuild","4501","c7726c0b620e52ab9cffcfff7c78c663ea70f138258d6b5cd0ed8a71f1028e80"
"data/work/book_index_rebuild/ocr_pages/page-0547.json","data/work/book_index_rebuild","3638","f8b1e2dd92b6951060d06430892cae9a68acb309c965ac8975a26afb780db97d"
"data/work/book_index_rebuild/ocr_pages/page-0548.json","data/work/book_index_rebuild","5009","9e0a19033895a669243341b16ee1cec606171777d7d5cb657672ce24ee7059ed"
"data/work/book_index_rebuild/ocr_pages/page-0549.json","data/work/book_index_rebuild","4849","be899681e922069438ba234f2d6305cc4d625417d39669862d63b6bb449b3d08"
"data/work/book_index_rebuild/ocr_pages/page-0550.json","data/work/book_index_rebuild","3551","56f7bdf3592103d5b91e36117cd000e9135db48e4781d536a23614417f61ade3"
"data/work/book_index_rebuild/ocr_pages/page-0551.json","data/work/book_index_rebuild","5637","ce5de25981df1202d8f75f296cae7375c820d077c7bbc4b0a0cd3d8271ac74f3"
"data/work/book_index_rebuild/ocr_pages/page-0552.json","data/work/book_index_rebuild","5380","79e3e87ecfc328ccdf6951db44be2fa0aa9a5e95be12484beb7021702a1875b0"
"data/work/book_index_rebuild/ocr_pages/page-0553.json","data/work/book_index_rebuild","5528","669feb2117873c12bc84a1d478f30924d447df33a8e8d042e7ba51a2a60a496a"
"data/work/book_index_rebuild/ocr_pages/page-0554.json","data/work/book_index_rebuild","3714","bf1c8228981f83a6da5523883915a159d8c3aa3a828b8d5eb72a5f016e9f2afd"
"data/work/book_index_rebuild/ocr_pages/page-0555.json","data/work/book_index_rebuild","4481","fbc0a77ff1a0718c7367a157ba92fb894bf4918cb0d0bb32f982aa45e8b22d3d"
"data/work/book_index_rebuild/ocr_pages/page-0556.json","data/work/book_index_rebuild","5369","d45aa7c51a6dac9279c773c594566b99e5074183c78643ebeb2d4082053c0e74"
"data/work/book_index_rebuild/ocr_pages/page-0557.json","data/work/book_index_rebuild","6503","9ea6434688a19da0a8ab23ac83a937b5875ab8dec073f4f0b5f6931e55c899fc"
"data/work/book_index_rebuild/ocr_pages/page-0558.json","data/work/book_index_rebuild","6291","87375641968663f2519a579f6debac86702b05b20eca793225b8dd64e26b5da5"
"data/work/book_index_rebuild/ocr_pages/page-0559.json","data/work/book_index_rebuild","6273","7909c3d1892c55f400fbb4de9dcc0508a019381269b0f290ad590a2daf95a25a"
"data/work/book_index_rebuild/ocr_pages/page-0560.json","data/work/book_index_rebuild","6416","5aa296170a11adb5c7b01ddf4afcfa16d174947b3215027da987876d3373a2f7"
"data/work/book_index_rebuild/ocr_pages/page-0561.json","data/work/book_index_rebuild","6487","44c4237b94388f84edcb61cc32f822b3bced81be08e0af87b1b0741994fcb633"
"data/work/book_index_rebuild/ocr_pages/page-0562.json","data/work/book_index_rebuild","6168","c13130745fe17400d82a4a2f937f531761d1a1becbab70acac6e06584b9a9fd9"
"data/work/book_index_rebuild/ocr_pages/page-0563.json","data/work/book_index_rebuild","6555","7c12b19debeb7ddea9b0b48e06e76a70840bd7380bd1634f5f4543aebc97acde"
"data/work/book_index_rebuild/ocr_pages/page-0564.json","data/work/book_index_rebuild","6499","144c7d4ac35b790825e6c61be54e5b542cea2eadcf04ea6ecdbf26b1c63cd6f5"
"data/work/book_index_rebuild/ocr_pages/page-0565.json","data/work/book_index_rebuild","6379","b5948091c163f96397ad88c690eca8b35b85fc8bacf756d0de86ea1c9dc17eba"
"data/work/book_index_rebuild/ocr_pages/page-0566.json","data/work/book_index_rebuild","6552","933ae7e2879e959a97f1c7adf4cd89de9b8a333d38312582b501854f0c954c64"
"data/work/book_index_rebuild/ocr_pages/page-0567.json","data/work/book_index_rebuild","6159","9de9759c136f1804debc09ff3b04693bfa74e511ab52174b8c791ce90b14a735"
"data/work/book_index_rebuild/ocr_pages/page-0568.json","data/work/book_index_rebuild","6193","224ed079580ec77782e02a53f96d8fe0f2adfe55f1f9c6279b520de62bda1824"
"data/work/book_index_rebuild/ocr_pages/page-0569.json","data/work/book_index_rebuild","6274","4aa905763b6642d3b417536ba141d2591ba1f164ffdeb66069221064644c04c8"
"data/work/book_index_rebuild/ocr_pages/page-0570.json","data/work/book_index_rebuild","6602","5069dc76282edc24d221f8f1a7485a76104a99f82c26e4d70ef1ebe29c4d7b58"
"data/work/book_index_rebuild/ocr_pages/page-0571.json","data/work/book_index_rebuild","6382","630eeefaba6d8a3d0fcf63042bdd295c0678591abc4f8ac482523222448adaf6"
"data/work/book_index_rebuild/ocr_pages/page-0572.json","data/work/book_index_rebuild","5854","a9a586df9e0523159fd7842fbdb01d73727bc20789d06b178976bad67d39ac95"
"data/work/book_index_rebuild/ocr_pages/page-0573.json","data/work/book_index_rebuild","735","77f504287d89177c9acf3d65ff8092a1bbc9ee5c39c4fe87dd0474165ed65439"
"data/work/book_index_rebuild/ocr_pages/page-0574.json","data/work/book_index_rebuild","5921","9c2e40639860b66ea7a5fb81dde792e4b1f51c16d99a35d672f612ec10ec9033"
"data/work/book_index_rebuild/ocr_pages/page-0575.json","data/work/book_index_rebuild","5125","85021b9c2cab5cda6f747b8f8521d86e983b2618e4761b0804f7f623cb289f2e"
"data/work/book_index_rebuild/ocr_pages/page-0576.json","data/work/book_index_rebuild","5626","99cd7e702186f027104c5bc42cfb6bd7a0ade5f6545eda924114bea88b8215df"
"data/work/book_index_rebuild/ocr_pages/page-0577.json","data/work/book_index_rebuild","5261","99bb78117a230cc1e72e4532375da6156648c99e5f74df1fd702b580f4cceecc"
"data/work/book_index_rebuild/ocr_pages/page-0578.json","data/work/book_index_rebuild","8961","ad5e46cac31ae8e3be323dd8b60945f26d2d011af61dfe7a7a9060fe694418a3"
"data/work/book_index_rebuild/ocr_pages/page-0579.json","data/work/book_index_rebuild","5917","d90882b43052912c467b6bb18de9b7a1af1f2f2252e1f92fd27952f7913b43b1"
"data/work/book_index_rebuild/ocr_pages/page-0580.json","data/work/book_index_rebuild","5860","0956169d37e94bf8f7501f55dbdce6de4bffc1a96adbe8607e457c60f89c5f3a"
"data/work/book_index_rebuild/ocr_pages/page-0581.json","data/work/book_index_rebuild","5941","e606cde4285e337c50c57bf4a23dabf759293dfb090a1c16362babc41063d175"
"data/work/book_index_rebuild/ocr_pages/page-0582.json","data/work/book_index_rebuild","5523","830fa5073d95b72c5d50bdaec6f5db473ed8a988181eaae8f5daed612c6926f1"
"data/work/book_index_rebuild/ocr_pages/page-0583.json","data/work/book_index_rebuild","4622","0de48b8ff56041d51d82dd96fb8cc8c005ac01fda99e73a1cae0bc96c98d91ca"
"data/work/book_index_rebuild/ocr_pages/page-0584.json","data/work/book_index_rebuild","6356","b9550364455e1fe7e0f671eaf103a59aee85affca8d1a05eae4d1cf310ee91d5"
"data/work/book_index_rebuild/ocr_pages/page-0585.json","data/work/book_index_rebuild","5961","b38e52c146bded31c8a910347c19b12d7882db3b5ae85065cdafba17ba560085"
"data/work/book_index_rebuild/ocr_pages/page-0586.json","data/work/book_index_rebuild","5328","c81e19cda2b9499f52675902f05ae9c2ded82c60c45cc5263a1fd529a2576627"
"data/work/book_index_rebuild/ocr_pages/page-0587.json","data/work/book_index_rebuild","6037","d2996b8e9b48f88f8ed349450c535266c35a2521f3c6700d41a9c86706d7f8e0"
"data/work/book_index_rebuild/ocr_pages/page-0588.json","data/work/book_index_rebuild","5214","312f54718d90ddeafe58ee53e4643a0b9d7b35106f4b4a61a39364e7330b8902"
"data/work/book_index_rebuild/ocr_pages/page-0589.json","data/work/book_index_rebuild","5534","cd72e46e5faa3a90a5e25d0d5af81c583e67c548783cbcfbc963622992d514a7"
"data/work/book_index_rebuild/ocr_pages/page-0590.json","data/work/book_index_rebuild","5111","b7f4a3da3d0a4cde9b48b8f84733c04e77903dbd88329efdd703b6d61cd31229"
"data/work/book_index_rebuild/ocr_pages/page-0591.json","data/work/book_index_rebuild","4620","48241a87ddd139b106c5cff9f2bde34628d8e3e4bd4a9e5bd26e056d7a582434"
"data/work/book_index_rebuild/ocr_pages/page-0592.json","data/work/book_index_rebuild","6029","e2a5ee3056aab649af514701c8f2fae6125fe0e897d5ef0636fc3746715825ec"
"data/work/book_index_rebuild/ocr_pages/page-0593.json","data/work/book_index_rebuild","6520","b1c7a0f9b2346217da6957d9b4bc62d3c2b4d5897ca35052e588c3deca140ef9"
"data/work/book_index_rebuild/ocr_pages/page-0594.json","data/work/book_index_rebuild","5422","b542ab3b0a724d2958592a890935d574af0aea0fffc12d15a70797209dd1f6ea"
"data/work/book_index_rebuild/ocr_pages/page-0595.json","data/work/book_index_rebuild","6382","caf0f1109defac9671c11b6de9352c4fd8609d7da61770e16da3d76e186e6909"
"data/work/book_index_rebuild/ocr_pages/page-0596.json","data/work/book_index_rebuild","6250","760cab99722d5c38eb6ec598deb9104cc4efea030b03330ac0441c6617ffab2b"
"data/work/book_index_rebuild/ocr_pages/page-0597.json","data/work/book_index_rebuild","6157","06bc7fdde63fa159c7c358aa807903ff6b5a02e78a3da7c5166c695372def6ee"
"data/work/book_index_rebuild/ocr_pages/page-0598.json","data/work/book_index_rebuild","6489","e28894598e1f7a51d3fa822c432ec7e7b722475b6727f3511f95410c19136653"
"data/work/book_index_rebuild/ocr_pages/page-0599.json","data/work/book_index_rebuild","6592","104f3fe4fcdca29434d418474c4d75c26bd5f8c80b59596ea87f1cbfaac36a9b"
"data/work/book_index_rebuild/ocr_pages/page-0600.json","data/work/book_index_rebuild","2933","874204cdba32d7f163bddd1cfc425ffa8e7ab9dd0364a7b2d54e4a078c6b19b5"
"data/work/book_index_rebuild/ocr_pages/page-0601.json","data/work/book_index_rebuild","692","f6563896bb607a44b32ab58d6cffe7b77a2c440c68edcd2facbb6f8604ad94fc"
"data/work/book_index_rebuild/ocr_pages/page-0602.json","data/work/book_index_rebuild","4600","d4dd2f2b97e368dd552892cc0d16ce15a2bebbaebc57f90559577b3c319de375"
"data/work/book_index_rebuild/ocr_pages/page-0603.json","data/work/book_index_rebuild","5396","75a2f2c34058066f7e83655c938c21feb299223053c643f60afc9f8e2c7606cb"
"data/work/book_index_rebuild/ocr_pages/page-0604.json","data/work/book_index_rebuild","4281","233169fe5630efbc9de3591d382d8ff48a9627056d0c6e44a449cb36a234f620"
"data/work/book_index_rebuild/ocr_pages/page-0605.json","data/work/book_index_rebuild","5252","f985a40ea255b940bf2d741149fae3dd0be38cf7399a78bc6ac1ca0370b837fb"
"data/work/book_index_rebuild/ocr_pages/page-0606.json","data/work/book_index_rebuild","4836","99c2d4a17e7b73041bf7eb4c0379ce2d6235d8cc3a7151672321dfc51b21f34b"
"data/work/book_index_rebuild/ocr_pages/page-0607.json","data/work/book_index_rebuild","4742","6231925b93dad0d0b52c52fb219d61d9d4f510fe7ae18d3d93f2e8e1bb6edbf6"
"data/work/book_index_rebuild/ocr_pages/page-0608.json","data/work/book_index_rebuild","4669","3d285a08c9e62076a8b1a6830aad341912f76216098544e1d70c3c663f93853b"
"data/work/book_index_rebuild/ocr_pages/page-0609.json","data/work/book_index_rebuild","4340","655c03e0328855ead48704cfa3433b58d4ebb8e520730201e9b621422502ec72"
"data/work/book_index_rebuild/ocr_pages/page-0610.json","data/work/book_index_rebuild","3809","c8b41ab106bf87f54df1439d26eda21cc78abbf9d0976f58207b550901d8b81d"
"data/work/book_index_rebuild/ocr_pages/page-0611.json","data/work/book_index_rebuild","4007","f7f854471987a9da04af162382cfb621ab1b83195a232f739ecd4470ee237fa3"
"data/work/book_index_rebuild/ocr_pages/page-0612.json","data/work/book_index_rebuild","4202","1593e13657f950dc41e5bcd7a11a011705c0d0f7e0f2514148bd2f418c8f26e7"
"data/work/book_index_rebuild/ocr_pages/page-0613.json","data/work/book_index_rebuild","5817","5facddd561be3a8a1e47481ef9132edd69692baa352efcb1aadaad3ac9d53261"
"data/work/book_index_rebuild/ocr_pages/page-0614.json","data/work/book_index_rebuild","6588","c481604673c456cef83745e2825bb5e128e2114d1d09f5d925900b504fda91d8"
"data/work/book_index_rebuild/ocr_pages/page-0615.json","data/work/book_index_rebuild","5206","21ce0e6ac7626a222d1423966c8224ef7526e335940827cd50ca3053139680de"
"data/work/book_index_rebuild/ocr_pages/page-0616.json","data/work/book_index_rebuild","6313","ffc3620e50c116ef6398ec49e114d6b3c520e87b93ed6849b297a8a83432d49e"
"data/work/book_index_rebuild/ocr_pages/page-0617.json","data/work/book_index_rebuild","7014","3650167d500dad97e0161168f9e062876bd8bf93d11664efab16eb1c52ff3f5a"
"data/work/book_index_rebuild/ocr_pages/page-0618.json","data/work/book_index_rebuild","7290","611c32a4bd14dc139b5ed17c987e22001e9643c80371ecb9a3e708982a559125"
"data/work/book_index_rebuild/ocr_pages/page-0619.json","data/work/book_index_rebuild","7059","a326dd053def92123925e69ce25920aab3e03c2ab8af345f18c26aee13823c82"
"data/work/book_index_rebuild/ocr_pages/page-0620.json","data/work/book_index_rebuild","7769","85ae3cd8006e8033acc7271daacf35d3e73f8466f88ecd0f7a85674c70e29e5c"
"data/work/book_index_rebuild/ocr_pages/page-0621.json","data/work/book_index_rebuild","6898","593318ea691f9c81e8d6b6a9e5eee0e4bc3dea28bb28155184841b76a34ae95e"
"data/work/book_index_rebuild/ocr_pages/page-0622.json","data/work/book_index_rebuild","6973","84b42977d3bc1f9e3fdec3a16743ad16fbd86c1284d35c2fc0e2e7075fcef1ab"
"data/work/book_index_rebuild/ocr_pages/page-0623.json","data/work/book_index_rebuild","3975","ac6e309f75f10c2540de097c13c9d2cc8f9aa97780cb17a7ecb759efc3f7c43f"
"data/work/book_index_rebuild/ocr_pages/page-0624.json","data/work/book_index_rebuild","5600","08531b527b28f43b36bbce1950958632cfe08693f64bfa940fa081eb01a8e3ac"
"data/work/book_index_rebuild/ocr_pages/page-0625.json","data/work/book_index_rebuild","7299","c9770a65c4c4daefc71325485d7068235150a38105390051627ca27344c5ac72"
"data/work/book_index_rebuild/ocr_pages/page-0626.json","data/work/book_index_rebuild","7214","faf75e273aba65c8ac69889733bd2b43c523e655322ba686c7ee8ca45f7437a6"
"data/work/book_index_rebuild/ocr_pages/page-0627.json","data/work/book_index_rebuild","7310","8e653b67d5efa72d64032fa2bb787055d64fe4fcaef7b3d2f01c27423ccdda7c"
"data/work/book_index_rebuild/ocr_pages/page-0628.json","data/work/book_index_rebuild","6884","6fd0c3d4c14106abdc4f3fb78d4c37ee694a22a6105ad0d1b701c055b1b57fdb"
"data/work/book_index_rebuild/ocr_pages/page-0629.json","data/work/book_index_rebuild","7224","df8a171bf0a7453eccb71af1a4b96fe8156a3a15b3d7292232ecec56edc97f4f"
"data/work/book_index_rebuild/ocr_pages/page-0630.json","data/work/book_index_rebuild","6748","7dc317852e2af7c7a9629ccfec351836a85adbb1f53bd9d843635598cd1b535c"
"data/work/book_index_rebuild/ocr_pages/page-0631.json","data/work/book_index_rebuild","6596","cf5788e54ff633310e97b5f0f42096f90004ee45bad85c2595170a29940dd105"
"data/work/book_index_rebuild/ocr_pages/page-0632.json","data/work/book_index_rebuild","7562","31a15fab88164a0a7f1543f1d9e31171e849a455eaec02b9d01db55379b41b9d"
"data/work/book_index_rebuild/ocr_pages/page-0633.json","data/work/book_index_rebuild","6827","fbe7dea5e9490fb45e7fad254e62b804d38ce3d6548ba0e671c35da011dced22"
"data/work/book_index_rebuild/ocr_pages/page-0634.json","data/work/book_index_rebuild","7183","8d3f95a2e97ab769726adc894da9ed4467273ea8ebf8e7aa02f478b17f9b6af5"
"data/work/book_index_rebuild/ocr_pages/page-0635.json","data/work/book_index_rebuild","6948","b20eac229d1b4036b513488a0116a8c6283d8e83f3394d89d42383259c61be00"
"data/work/book_index_rebuild/ocr_pages/page-0636.json","data/work/book_index_rebuild","7094","7bc867e54b142d52a57e050525a9c2f1a6c5b7241e979f0ece4b59dd136c2c1c"
"data/work/book_index_rebuild/ocr_pages/page-0637.json","data/work/book_index_rebuild","7264","c3646c9e6e9198e1e02b1a4cc0255c4f838a81eed32f5effc07c753f8db04a03"
"data/work/book_index_rebuild/ocr_pages/page-0638.json","data/work/book_index_rebuild","7072","b8b6c04b4e6368e5dcae4f6fc7ac0e6f6f217b81b699bcec561016b419a9f4e8"
"data/work/book_index_rebuild/ocr_pages/page-0639.json","data/work/book_index_rebuild","4270","5bdfa3a926bfaec91440a739fc6c5a78013d1b5d0e6963bfec1781a485310a3e"
"data/work/book_index_rebuild/ocr_pages/page-0640.json","data/work/book_index_rebuild","462","881df3544d632c8e79227f25334e64df664e47df1771e62bf1ab3fd0111d9bd5"
"frontend/public/book_flavor_chemistry_entities.json","frontend/public/book_flavor_chemistry_entities.json","1105406","f5c6da75a5e19e8a3faed1996db59c18f5a1e44f5262857db5b5ac39d3a70440"
"frontend/public/book_flavor_chemistry_index.json","frontend/public/book_flavor_chemistry_index.json","4204969","3be801f2cab3e58ec9eb69bd7e22a6a2b8751a098c492f2b99a35cc6252a4b49"
"frontend/src/bookSearch.js","frontend/src/bookSearch.js","6089","0215dab7b7a6be817fd7be78a31e7d9efe3f163b4564f32a70d5332997f35fdd"
"frontend/src/bookSearch.test.mjs","frontend/src/bookSearch.test.mjs","3258","87f6ad2c19683bffdc6eb5323554dc21bf607e4575491c0f1e48a9eb792191f2"
"scripts/book_index/rebuild_book_knowledge_index.py","scripts/book_index/rebuild_book_knowledge_index.py","29248","86d36d7838f0c6c58d3e85fbeb9190e68dd5d33efbe6754902d78fd0606d2b7b"
"scripts/book_index/requirements.txt","scripts/book_index/requirements.txt","88","0493985f7a0471c4945b764594e3caaa50ceae7b06194e53ce56c13127756d23"
"scripts/book_index/test_book_index_pipeline.py","scripts/book_index/test_book_index_pipeline.py","1641","adc34d56c3b913d4d979376e2e6058b3dc8a7db0f956fa794e31e4433c8aefea"
"scripts/threshold_import/batch_query_flavor_thresholds.py","scripts/threshold_import/batch_query_flavor_thresholds.py","12181","e0fb5f5f8eec5f08c557de8eae4f9c92b95f1640f26b213ae9a1858b63d4d5a9"
"scripts/threshold_import/build_lookup.py","scripts/threshold_import/build_lookup.py","4825","13259691d2f4bc7638c94238e825dbde5a56b5ff0a84b0d200708cbefbd0d892"
"scripts/threshold_import/extract_refs.py","scripts/threshold_import/extract_refs.py","5178","a9ebe1a8b2e76eb7035071b9a9ef2ca935ee6b968173600e968e4c272e489128"
"scripts/threshold_import/extract_refs_geometric.py","scripts/threshold_import/extract_refs_geometric.py","6621","38f89822e5bfb19718f9b466aa7328680ea682a6db920cba84bdca9e967f1f58"
"scripts/threshold_import/merge_flavor.py","scripts/threshold_import/merge_flavor.py","8888","9220b0ecdfac2144d3c8599cfc5cb45976458bffe92a1eaf6ab63f0e0815aeb7"
"scripts/threshold_import/parse_multi_pdfs.py","scripts/threshold_import/parse_multi_pdfs.py","4084","afcba8428ca3a578c70a2860287125cd1c3f99e1a606f4db21680997ca229223"
"scripts/threshold_import/parse_pdf.py","scripts/threshold_import/parse_pdf.py","5222","c99b30cc8e7915766e03588172de38612e4efc231e0ee04cd5a77e340702f42e"
"scripts/threshold_import/summarize_batch_query.py","scripts/threshold_import/summarize_batch_query.py","711","16730f3295f40df1f428bc13057cc8528f6f17ce6d962f0803d2d4fcd5b82ca8"
